,student_id,school,sex,age,address,famsize,Pstatus,Medu,Fedu,Mjob,Fjob,traveltime,studytime,failures,schoolsup,famsup,paid,activities,nursery,internet,romantic,famrel,freetime,Dalc,Walc,absences_por,por_score,absences_math,math_score
0,1.0,GP,F,18,U,GT3,A,4,4,at_home,teacher,2,2,0,yes,no,no,no,yes,no,no,4,3,1,1,4.0,11.0,6.0,6.0
1,2.0,GP,F,17,U,GT3,T,1,1,at_home,other,1,2,0,no,yes,no,no,no,yes,no,5,3,1,1,2.0,11.0,4.0,6.0
2,3.0,GP,F,15,U,LE3,T,1,1,at_home,other,1,2,0,yes,no,no,no,yes,yes,no,4,3,2,3,6.0,12.0,,
3,4.0,GP,F,15,U,GT3,T,4,2,health,services,1,3,0,no,yes,no,yes,yes,yes,yes,3,2,1,1,0.0,14.0,,
4,5.0,GP,F,16,U,GT3,T,3,3,other,other,1,2,0,no,yes,no,no,yes,no,no,4,3,1,2,0.0,13.0,,
5,6.0,GP,M,16,U,LE3,T,4,3,services,other,1,2,0,no,yes,no,yes,yes,yes,no,5,4,1,2,6.0,13.0,,
6,7.0,GP,M,16,U,LE3,T,2,2,other,other,1,2,0,no,no,no,no,yes,yes,no,4,4,1,1,0.0,13.0,0.0,11.0
7,8.0,GP,F,17,U,GT3,A,4,4,other,teacher,2,2,0,yes,yes,no,no,yes,no,no,4,1,1,1,2.0,13.0,6.0,6.0
8,9.0,GP,M,15,U,LE3,A,3,2,services,other,1,2,0,no,yes,no,no,yes,yes,no,4,2,1,1,0.0,17.0,,
9,10.0,GP,M,15,U,GT3,T,3,4,other,other,1,2,0,no,yes,no,yes,yes,yes,no,5,5,1,1,0.0,13.0,,
10,11.0,GP,F,15,U,GT3,T,4,4,teacher,health,1,2,0,no,yes,no,no,yes,yes,no,3,3,1,2,2.0,14.0,,
11,12.0,GP,F,15,U,GT3,T,2,1,services,other,3,3,0,no,yes,no,yes,yes,yes,no,5,2,1,1,0.0,13.0,4.0,12.0
12,13.0,GP,M,15,U,LE3,T,4,4,health,services,1,1,0,no,yes,no,yes,yes,yes,no,4,3,1,3,0.0,12.0,,
13,14.0,GP,M,15,U,GT3,T,4,3,teacher,other,2,2,0,no,yes,no,no,yes,yes,no,5,4,1,2,0.0,13.0,,
14,15.0,GP,M,15,U,GT3,A,2,2,other,other,1,3,0,no,yes,no,no,yes,yes,yes,4,5,1,1,0.0,15.0,0.0,16.0
15,16.0,GP,F,16,U,GT3,T,4,4,health,other,1,1,0,no,yes,no,no,yes,yes,no,4,4,1,2,6.0,17.0,4.0,14.0
16,17.0,GP,F,16,U,GT3,T,4,4,services,services,1,3,0,no,yes,no,yes,yes,yes,no,3,2,1,2,10.0,14.0,,
17,18.0,GP,F,16,U,GT3,T,3,3,other,other,3,2,0,yes,yes,no,yes,yes,no,no,5,3,1,1,2.0,14.0,4.0,10.0
18,19.0,GP,M,17,U,GT3,T,3,2,services,services,1,1,3,no,yes,yes,yes,yes,yes,no,5,5,2,4,2.0,7.0,,
19,20.0,GP,M,16,U,LE3,T,4,3,health,other,1,1,0,no,no,no,yes,yes,yes,no,3,1,1,3,6.0,12.0,,
20,21.0,GP,M,15,U,GT3,T,4,3,teacher,other,1,2,0,no,no,no,no,yes,yes,no,4,4,1,1,0.0,14.0,0.0,15.0
21,22.0,GP,M,15,U,GT3,T,4,4,health,health,1,1,0,no,yes,yes,no,yes,yes,no,5,4,1,1,0.0,12.0,0.0,15.0
22,23.0,GP,M,16,U,LE3,T,4,2,teacher,other,1,2,0,no,no,no,yes,yes,yes,no,4,5,1,3,0.0,14.0,2.0,16.0
23,24.0,GP,M,16,U,LE3,T,2,2,other,other,2,2,0,no,yes,no,yes,yes,yes,no,5,4,2,4,2.0,10.0,0.0,12.0
24,25.0,GP,F,15,R,GT3,T,2,4,services,health,1,3,0,yes,yes,no,yes,yes,yes,no,4,3,1,1,2.0,10.0,,
25,26.0,GP,F,16,U,GT3,T,2,2,services,services,1,1,0,no,yes,no,no,no,yes,no,1,2,1,3,6.0,12.0,,
26,27.0,GP,M,15,U,GT3,T,2,2,other,other,1,1,0,no,yes,no,no,yes,yes,no,4,2,1,2,8.0,12.0,,
27,28.0,GP,M,15,U,GT3,T,4,2,health,services,1,1,0,no,no,no,no,yes,yes,no,2,2,2,4,0.0,11.0,,
28,29.0,GP,M,16,U,LE3,A,3,4,services,other,1,2,0,yes,yes,yes,yes,yes,yes,no,5,3,1,1,2.0,13.0,,
29,30.0,GP,M,16,U,GT3,T,4,4,teacher,teacher,1,2,0,no,yes,yes,yes,yes,yes,yes,4,4,5,5,4.0,12.0,16.0,11.0
30,31.0,GP,M,15,U,GT3,T,4,4,health,services,1,2,0,no,yes,yes,no,no,yes,no,5,4,3,4,0.0,11.0,0.0,12.0
31,32.0,GP,M,15,U,GT3,T,4,4,services,services,2,2,0,no,yes,no,yes,yes,yes,no,4,3,1,1,2.0,15.0,0.0,17.0
32,33.0,GP,M,15,R,GT3,T,4,3,teacher,at_home,1,2,0,no,yes,no,yes,yes,yes,yes,4,5,1,1,0.0,15.0,0.0,16.0
33,34.0,GP,M,15,U,LE3,T,3,3,other,other,1,2,0,no,no,no,yes,no,yes,no,5,3,1,1,0.0,12.0,0.0,12.0
34,35.0,GP,M,16,U,GT3,T,3,2,other,other,1,1,0,no,yes,no,no,no,yes,no,5,4,1,1,4.0,12.0,,
35,36.0,GP,F,15,U,GT3,T,2,3,other,other,2,1,0,no,yes,no,yes,yes,no,no,3,5,1,1,4.0,11.0,0.0,6.0
36,37.0,GP,M,15,U,LE3,T,4,3,teacher,services,1,3,0,no,yes,no,yes,yes,yes,no,5,4,1,1,0.0,14.0,2.0,18.0
37,38.0,GP,M,16,R,GT3,A,4,4,other,teacher,2,3,0,no,yes,no,yes,yes,yes,yes,2,4,1,1,4.0,13.0,7.0,15.0
38,39.0,GP,F,15,R,GT3,T,3,4,services,health,1,3,0,yes,yes,no,yes,yes,yes,no,4,3,1,1,2.0,12.0,,
39,40.0,GP,F,15,R,GT3,T,2,2,at_home,other,1,1,0,yes,yes,no,yes,yes,no,no,4,3,1,1,8.0,12.0,,
40,41.0,GP,F,16,U,LE3,T,2,2,other,other,2,2,0,no,yes,no,yes,no,yes,yes,3,3,1,2,16.0,10.0,,
41,42.0,GP,M,15,U,LE3,T,4,4,teacher,other,1,1,0,no,yes,no,no,no,yes,yes,5,4,2,4,8.0,11.0,8.0,12.0
42,43.0,GP,M,15,U,GT3,T,4,4,services,teacher,1,2,0,no,yes,no,yes,yes,yes,no,4,3,1,1,0.0,15.0,2.0,18.0
43,44.0,GP,M,15,U,GT3,T,2,2,services,services,1,1,0,yes,yes,no,no,yes,yes,no,5,4,1,1,0.0,10.0,0.0,11.0
44,45.0,GP,F,16,U,LE3,T,2,2,other,at_home,2,2,1,yes,no,no,yes,yes,yes,no,4,3,2,2,14.0,11.0,14.0,9.0
45,46.0,GP,F,15,U,LE3,A,4,3,other,other,1,2,0,yes,yes,yes,yes,yes,yes,yes,5,2,1,1,4.0,11.0,8.0,6.0
46,47.0,GP,F,16,U,LE3,A,3,3,other,services,1,2,0,no,yes,no,no,yes,yes,no,2,3,1,4,6.0,13.0,12.0,11.0
47,48.0,GP,M,16,U,GT3,T,4,3,health,services,1,4,0,no,no,no,yes,yes,yes,no,4,2,1,1,2.0,17.0,4.0,20.0
48,49.0,GP,M,15,U,GT3,T,4,2,teacher,other,1,2,0,no,yes,no,no,yes,no,no,4,3,2,2,4.0,13.0,,
49,50.0,GP,F,15,U,GT3,T,4,4,services,teacher,1,2,0,yes,yes,no,yes,no,yes,no,4,4,1,1,2.0,12.0,,
50,51.0,GP,F,16,U,LE3,T,2,2,services,services,3,2,0,no,yes,no,no,yes,yes,no,4,3,2,3,0.0,13.0,,
51,52.0,GP,F,15,U,LE3,T,4,2,health,other,1,2,0,no,yes,no,no,yes,yes,no,4,3,1,1,0.0,16.0,,
52,53.0,GP,M,15,U,LE3,A,4,2,health,health,2,1,0,no,no,no,no,yes,no,no,5,5,3,4,4.0,9.0,,
53,54.0,GP,F,15,U,GT3,T,4,4,services,services,1,1,0,yes,yes,no,no,yes,yes,no,3,3,2,3,0.0,12.0,,
54,55.0,GP,F,15,U,LE3,A,3,3,other,other,1,1,0,no,no,no,no,yes,yes,no,5,3,4,4,0.0,13.0,,
55,56.0,GP,F,16,U,GT3,A,2,1,other,other,1,2,0,no,no,no,yes,yes,yes,yes,5,3,1,1,2.0,12.0,,
56,57.0,GP,F,15,U,GT3,A,4,3,services,services,1,2,0,no,yes,no,yes,yes,yes,no,4,3,1,1,0.0,15.0,,
57,58.0,GP,M,15,U,GT3,T,4,4,teacher,health,1,2,0,no,yes,no,yes,yes,no,no,3,2,1,1,8.0,16.0,4.0,15.0
58,59.0,GP,M,15,U,LE3,T,1,2,other,at_home,1,2,0,yes,yes,no,yes,yes,yes,no,4,3,1,1,0.0,14.0,2.0,9.0
59,60.0,GP,F,16,U,GT3,T,4,2,services,other,1,2,0,no,yes,yes,no,yes,yes,no,4,2,1,1,2.0,16.0,,
60,61.0,GP,F,16,R,GT3,T,4,4,health,teacher,1,2,0,no,yes,no,yes,yes,no,no,2,4,2,3,0.0,16.0,6.0,11.0
61,62.0,GP,F,16,U,GT3,T,1,1,services,services,4,1,0,yes,yes,no,yes,no,yes,yes,5,5,5,5,0.0,16.0,6.0,11.0
62,63.0,GP,F,16,U,LE3,T,1,2,other,services,1,2,0,yes,no,no,yes,yes,yes,no,4,4,1,1,0.0,10.0,4.0,9.0
63,64.0,GP,F,16,U,GT3,T,4,3,teacher,health,1,3,0,yes,yes,no,yes,yes,yes,no,3,4,2,4,0.0,13.0,,
64,65.0,GP,F,15,U,LE3,T,4,3,services,services,1,2,0,yes,no,no,yes,yes,yes,yes,4,4,2,4,0.0,12.0,0.0,10.0
65,66.0,GP,F,16,U,LE3,T,4,3,teacher,services,3,2,0,no,yes,no,yes,yes,yes,no,5,4,1,2,2.0,16.0,2.0,15.0
66,67.0,GP,M,15,U,GT3,A,4,4,other,services,1,4,0,no,yes,no,yes,no,yes,yes,1,3,5,5,0.0,12.0,4.0,12.0
67,68.0,GP,F,16,U,GT3,T,3,1,services,other,1,4,0,yes,yes,no,no,yes,yes,no,4,3,1,2,0.0,10.0,,
68,69.0,GP,F,15,R,LE3,T,2,2,health,services,2,2,0,yes,yes,no,no,yes,yes,no,4,1,1,3,0.0,11.0,,
69,70.0,GP,F,15,R,LE3,T,3,1,other,other,2,4,0,no,yes,no,no,no,yes,no,4,4,2,3,6.0,15.0,12.0,16.0
70,71.0,GP,M,16,U,GT3,T,3,1,other,other,2,4,0,no,yes,no,no,yes,yes,no,4,3,1,1,2.0,11.0,,
71,72.0,GP,M,15,U,GT3,T,4,2,other,other,1,4,0,no,no,no,no,yes,yes,no,3,3,1,1,0.0,10.0,0.0,10.0
72,73.0,GP,F,15,R,GT3,T,1,1,other,other,1,2,0,yes,yes,no,no,no,yes,yes,3,3,2,4,2.0,11.0,,
73,74.0,GP,M,16,U,GT3,T,3,1,other,other,1,1,0,no,no,no,yes,yes,no,no,5,3,2,2,0.0,14.0,2.0,14.0
74,75.0,GP,F,16,U,GT3,T,3,3,other,services,1,2,0,yes,yes,no,yes,yes,yes,no,4,3,2,4,4.0,11.0,,
75,76.0,GP,M,15,U,GT3,T,4,3,teacher,other,1,2,0,no,yes,no,yes,yes,yes,no,4,3,2,3,0.0,11.0,,
76,77.0,GP,M,15,U,GT3,T,4,0,teacher,other,2,4,0,no,no,no,yes,yes,yes,no,3,4,1,1,0.0,11.0,8.0,10.0
77,78.0,GP,F,16,U,GT3,T,2,2,other,other,1,4,0,no,no,no,no,yes,yes,yes,5,2,1,3,1.0,13.0,,
78,79.0,GP,M,17,U,GT3,T,2,1,other,other,2,1,3,yes,yes,no,yes,yes,yes,no,4,5,1,1,0.0,10.0,2.0,10.0
79,80.0,GP,F,16,U,GT3,T,3,4,at_home,other,1,2,0,no,yes,no,no,yes,yes,no,2,4,1,2,14.0,11.0,12.0,5.0
80,81.0,GP,M,15,U,GT3,T,2,3,other,services,1,1,0,yes,yes,no,yes,no,yes,yes,3,2,1,3,0.0,12.0,,
81,82.0,GP,M,15,U,GT3,T,2,3,other,other,1,3,0,yes,no,no,no,no,yes,no,5,3,1,2,2.0,9.0,,
82,83.0,GP,F,15,U,LE3,T,3,2,services,other,1,2,0,no,yes,no,no,yes,yes,no,4,4,1,1,4.0,11.0,,
83,84.0,GP,M,15,U,LE3,T,2,2,services,services,2,2,0,no,no,yes,yes,yes,yes,no,5,3,1,3,2.0,13.0,4.0,15.0
84,85.0,GP,F,15,U,GT3,T,1,1,other,other,1,2,0,no,yes,no,yes,no,yes,no,4,3,2,3,2.0,12.0,2.0,10.0
85,86.0,GP,F,15,U,GT3,T,4,4,services,services,2,2,0,no,no,no,no,yes,yes,yes,4,4,2,3,4.0,12.0,,
86,87.0,GP,F,16,U,LE3,T,2,2,at_home,other,1,2,0,no,yes,no,no,yes,no,no,4,3,1,2,6.0,11.0,4.0,6.0
87,88.0,GP,F,15,U,GT3,T,4,2,other,other,1,3,0,no,yes,no,yes,yes,yes,no,5,3,1,3,4.0,15.0,4.0,14.0
88,89.0,GP,M,16,U,GT3,T,2,2,services,other,2,2,0,no,no,no,yes,no,yes,no,4,4,1,1,6.0,11.0,,
89,90.0,GP,M,16,U,LE3,A,4,4,teacher,health,1,2,0,no,yes,no,no,yes,no,no,4,1,3,5,6.0,10.0,18.0,7.0
90,91.0,GP,F,16,U,GT3,T,3,3,other,other,1,3,0,no,yes,no,no,yes,yes,yes,4,3,1,3,2.0,11.0,,
91,92.0,GP,F,15,U,GT3,T,4,3,services,other,1,1,0,no,no,no,yes,yes,yes,no,4,5,1,3,6.0,13.0,,
92,93.0,GP,F,16,U,LE3,T,3,1,other,other,1,2,0,yes,yes,no,no,yes,no,no,3,3,2,3,0.0,12.0,4.0,6.0
93,94.0,GP,F,16,U,GT3,T,4,2,teacher,services,2,2,0,no,yes,no,yes,yes,yes,no,5,3,1,1,2.0,14.0,,
94,95.0,GP,M,15,U,LE3,T,2,2,services,health,1,4,0,no,yes,no,yes,yes,yes,no,4,3,1,1,2.0,12.0,6.0,14.0
95,96.0,GP,F,15,R,GT3,T,1,1,at_home,other,2,4,0,yes,yes,yes,yes,yes,yes,no,3,1,1,1,4.0,13.0,,
96,97.0,GP,M,16,R,GT3,T,4,3,services,other,2,1,0,yes,yes,yes,yes,no,yes,no,3,3,1,1,6.0,11.0,,
97,98.0,GP,F,16,U,GT3,T,2,1,other,other,1,2,0,no,yes,no,no,yes,no,yes,4,3,1,1,0.0,12.0,,
98,99.0,GP,F,16,U,GT3,T,4,4,other,other,1,1,0,no,no,no,yes,no,yes,no,5,3,1,2,4.0,13.0,6.0,14.0
99,100.0,GP,F,16,U,GT3,T,4,3,other,at_home,1,3,0,yes,yes,no,no,yes,yes,no,5,3,1,1,2.0,13.0,,
100,101.0,GP,M,16,U,GT3,T,4,4,services,services,1,1,0,yes,yes,no,yes,yes,yes,no,4,5,5,5,12.0,8.0,,
101,102.0,GP,M,16,U,GT3,T,4,4,services,teacher,1,3,0,no,yes,no,yes,yes,yes,yes,4,4,1,1,0.0,16.0,0.0,17.0
102,103.0,GP,M,15,U,GT3,T,4,4,services,other,1,1,0,no,yes,yes,yes,no,yes,no,5,3,1,1,2.0,12.0,,
103,104.0,GP,F,15,U,GT3,T,3,2,services,other,2,2,0,yes,yes,no,no,yes,yes,no,4,3,1,1,16.0,10.0,,
104,105.0,GP,M,15,U,GT3,A,3,4,services,other,1,2,0,no,yes,no,yes,yes,yes,no,5,4,1,1,0.0,16.0,,
105,106.0,GP,F,15,U,GT3,A,3,3,other,health,1,4,0,yes,no,no,no,yes,no,no,4,3,1,1,10.0,10.0,10.0,11.0
106,107.0,GP,F,15,U,GT3,T,2,2,other,other,1,4,0,yes,yes,no,no,yes,yes,no,5,1,1,1,4.0,10.0,,
107,108.0,GP,M,16,U,GT3,T,3,3,services,other,1,3,0,no,yes,no,yes,yes,yes,no,5,3,1,1,4.0,14.0,2.0,18.0
108,109.0,GP,M,15,R,GT3,T,4,4,other,other,4,4,0,no,yes,no,yes,yes,yes,yes,1,3,3,5,8.0,11.0,,
109,110.0,GP,F,16,U,LE3,T,4,4,health,health,1,3,0,no,yes,no,yes,yes,yes,yes,5,4,1,1,2.0,14.0,,
110,111.0,GP,M,15,U,LE3,A,4,4,teacher,teacher,1,1,0,no,no,no,yes,yes,yes,no,5,5,1,1,4.0,14.0,6.0,19.0
111,112.0,GP,F,16,R,GT3,T,3,3,services,other,1,3,0,yes,yes,no,yes,yes,yes,no,4,1,1,1,4.0,11.0,,
112,113.0,GP,F,16,U,GT3,T,2,2,at_home,other,1,2,1,yes,no,no,yes,yes,yes,no,3,1,1,1,12.0,10.0,6.0,13.0
113,114.0,GP,M,15,U,LE3,T,4,2,teacher,other,1,1,0,no,no,no,no,yes,yes,no,3,5,1,1,10.0,18.0,10.0,19.0
114,115.0,GP,M,15,R,GT3,T,2,1,health,services,1,2,0,no,no,no,yes,yes,yes,yes,5,4,1,1,4.0,10.0,8.0,9.0
115,116.0,GP,M,16,U,GT3,T,4,4,teacher,teacher,1,2,0,no,yes,no,yes,yes,yes,no,5,4,1,2,6.0,14.0,2.0,16.0
116,117.0,GP,M,15,U,GT3,T,4,4,other,teacher,2,2,0,no,yes,no,yes,yes,no,no,4,4,1,1,4.0,16.0,2.0,14.0
117,118.0,GP,M,16,U,GT3,T,3,3,other,services,2,1,0,no,no,no,yes,yes,yes,no,5,4,1,1,6.0,15.0,0.0,13.0
118,119.0,GP,M,17,R,GT3,T,1,3,other,other,3,2,1,no,yes,no,yes,yes,yes,no,5,2,1,4,14.0,11.0,20.0,8.0
119,120.0,GP,M,15,U,GT3,T,3,4,other,other,1,1,0,no,no,no,no,yes,yes,no,3,4,1,2,2.0,14.0,6.0,13.0
120,121.0,GP,F,15,U,GT3,T,1,2,at_home,services,1,2,0,no,no,no,no,no,yes,no,3,2,1,2,0.0,14.0,2.0,15.0
121,122.0,GP,M,15,U,GT3,T,2,2,services,services,1,4,0,no,yes,no,yes,yes,yes,no,5,5,1,2,6.0,13.0,,
122,123.0,GP,F,16,U,LE3,T,2,4,other,health,2,2,0,no,yes,no,yes,yes,yes,yes,4,2,1,2,2.0,13.0,,
123,124.0,GP,M,16,U,GT3,T,4,4,health,other,1,1,0,no,yes,no,yes,yes,yes,no,3,4,1,4,4.0,13.0,18.0,13.0
124,125.0,GP,F,16,U,GT3,T,2,2,other,other,1,2,0,no,no,no,no,yes,yes,yes,5,4,1,1,0.0,11.0,,
125,126.0,GP,M,15,U,GT3,T,3,4,services,services,1,1,0,yes,no,no,no,yes,yes,no,5,5,3,2,2.0,9.0,0.0,12.0
126,127.0,GP,F,15,U,LE3,A,3,4,other,other,1,2,0,yes,no,no,yes,yes,yes,yes,5,3,1,1,0.0,11.0,0.0,11.0
127,128.0,GP,F,19,U,GT3,T,0,1,at_home,other,1,2,2,no,yes,no,no,no,no,no,3,4,1,1,0.0,11.0,,
128,129.0,GP,M,16,R,GT3,T,4,4,teacher,teacher,1,1,0,no,no,no,yes,yes,yes,no,3,5,2,5,8.0,15.0,,
129,130.0,GP,M,16,U,GT3,T,2,3,other,other,2,3,0,no,yes,no,no,no,yes,yes,3,2,2,2,4.0,13.0,,
130,131.0,GP,F,15,R,GT3,T,3,4,services,teacher,2,3,0,no,yes,no,no,yes,yes,yes,4,2,2,2,0.0,12.0,,
131,132.0,GP,F,18,U,GT3,T,2,1,services,other,1,2,3,no,yes,no,yes,yes,yes,yes,5,4,1,3,10.0,8.0,,
132,133.0,GP,F,17,U,LE3,A,2,1,other,other,3,1,0,no,yes,no,no,yes,yes,no,3,2,1,2,8.0,11.0,,
133,134.0,GP,F,15,U,GT3,T,1,1,at_home,other,3,1,0,no,yes,no,yes,no,yes,yes,4,3,1,2,6.0,13.0,0.0,0.0
134,135.0,GP,F,17,U,LE3,T,2,2,other,other,1,1,0,no,yes,no,no,yes,yes,yes,3,4,1,3,2.0,12.0,12.0,12.0
135,136.0,GP,F,16,U,GT3,A,3,4,services,other,1,1,0,no,no,no,no,yes,yes,no,3,2,1,4,12.0,14.0,16.0,11.0
136,137.0,GP,M,16,U,GT3,T,2,1,at_home,other,4,1,0,no,no,no,no,yes,no,no,3,2,1,1,4.0,11.0,,
137,138.0,GP,F,16,U,GT3,A,2,2,other,other,1,1,1,no,no,no,no,yes,no,no,5,3,1,1,12.0,11.0,,
138,139.0,GP,M,15,R,GT3,T,3,4,at_home,teacher,4,2,0,no,yes,no,no,yes,no,yes,5,3,1,1,2.0,11.0,0.0,0.0
139,140.0,GP,F,15,U,GT3,T,4,4,services,at_home,1,3,0,no,yes,no,yes,yes,yes,yes,4,3,1,1,4.0,15.0,0.0,0.0
140,141.0,GP,M,17,R,GT3,T,3,4,at_home,other,3,2,0,no,no,no,no,yes,no,no,5,4,2,4,2.0,10.0,0.0,0.0
141,142.0,GP,F,16,R,GT3,T,1,1,at_home,other,4,2,0,no,yes,no,no,yes,no,no,5,1,1,1,0.0,13.0,,
142,143.0,GP,M,18,U,LE3,T,3,1,services,services,2,1,0,no,no,no,yes,yes,yes,yes,3,3,4,5,2.0,12.0,,
143,144.0,GP,F,18,U,GT3,A,3,2,other,services,1,3,0,no,yes,no,yes,no,yes,yes,4,3,5,1,10.0,11.0,,
144,145.0,GP,F,16,R,GT3,T,1,1,other,services,2,1,0,no,yes,no,yes,yes,no,yes,3,3,1,2,8.0,11.0,,
145,146.0,GP,F,16,U,GT3,A,3,3,other,other,2,1,0,no,yes,no,yes,no,yes,yes,4,3,1,1,4.0,10.0,,
146,147.0,GP,M,16,U,LE3,T,1,1,services,other,1,2,2,no,no,no,no,yes,no,yes,4,4,1,3,0.0,10.0,,
147,148.0,GP,F,15,U,GT3,T,4,4,teacher,teacher,2,1,0,no,no,no,yes,yes,yes,no,4,3,1,1,6.0,14.0,0.0,15.0
148,149.0,GP,F,15,R,GT3,T,1,1,other,other,3,1,1,no,no,no,yes,yes,yes,yes,5,5,1,1,2.0,9.0,,
149,150.0,GP,M,15,U,GT3,T,4,3,teacher,services,2,4,0,yes,yes,no,no,yes,yes,no,2,2,1,1,6.0,11.0,0.0,0.0
150,151.0,GP,F,15,U,GT3,A,3,3,services,services,1,2,0,no,no,no,no,no,no,yes,1,3,2,3,24.0,9.0,,
151,152.0,GP,M,16,U,GT3,T,4,4,services,services,1,3,0,no,yes,no,yes,yes,yes,no,5,3,1,3,0.0,13.0,,
152,153.0,GP,M,16,U,LE3,T,2,2,services,services,2,1,0,no,yes,no,yes,yes,yes,no,2,3,2,2,4.0,11.0,,
153,154.0,GP,F,15,U,GT3,T,4,4,teacher,services,1,3,0,no,yes,no,yes,yes,yes,no,4,2,1,1,2.0,13.0,,
154,155.0,GP,F,16,U,LE3,T,1,1,at_home,at_home,1,1,0,no,no,no,no,yes,yes,no,3,4,3,3,4.0,11.0,2.0,13.0
155,156.0,GP,M,17,U,GT3,T,2,1,other,other,1,1,0,no,yes,no,no,yes,yes,no,5,4,1,2,22.0,6.0,,
156,157.0,GP,F,15,U,GT3,T,1,1,other,services,1,2,0,no,yes,no,no,yes,yes,no,4,4,1,2,0.0,12.0,,
157,158.0,GP,F,15,U,LE3,A,2,1,at_home,other,2,1,0,no,yes,no,yes,yes,yes,yes,4,4,1,1,0.0,10.0,,
158,159.0,GP,F,15,U,GT3,T,3,2,health,services,1,2,1,no,yes,no,no,yes,yes,no,3,3,1,1,2.0,11.0,,
159,160.0,GP,F,15,U,GT3,T,1,2,at_home,other,1,2,0,no,yes,no,no,no,yes,no,4,3,1,1,6.0,13.0,,
160,161.0,GP,F,15,U,GT3,T,1,2,at_home,services,1,2,0,no,no,no,no,no,no,yes,2,3,2,4,6.0,11.0,,
161,162.0,GP,M,16,U,GT3,T,4,4,teacher,teacher,1,1,0,no,yes,no,no,yes,yes,yes,3,3,2,1,16.0,8.0,0.0,0.0
162,163.0,GP,M,15,U,LE3,A,2,1,services,other,4,1,0,no,no,no,no,yes,yes,no,4,5,2,5,0.0,11.0,,
163,164.0,GP,M,18,U,LE3,T,1,1,other,other,1,1,2,no,no,no,no,yes,yes,yes,2,3,2,5,0.0,0.0,,
164,165.0,GP,M,16,U,LE3,T,2,1,at_home,other,1,1,1,no,no,no,yes,yes,no,yes,4,4,3,5,6.0,10.0,6.0,14.0
165,166.0,GP,F,15,R,GT3,T,3,3,services,services,2,3,0,no,yes,yes,yes,yes,yes,yes,4,2,2,3,2.0,13.0,,
166,167.0,GP,M,19,U,GT3,T,3,2,services,at_home,1,1,0,no,yes,no,no,yes,yes,yes,4,5,1,1,6.0,11.0,,
167,168.0,GP,F,17,U,GT3,T,4,4,other,teacher,1,1,0,yes,yes,no,no,yes,no,yes,4,2,1,1,0.0,13.0,0.0,12.0
168,169.0,GP,M,15,R,GT3,T,2,3,at_home,services,1,2,0,yes,no,yes,yes,yes,no,no,4,4,1,1,0.0,8.0,2.0,8.0
169,170.0,GP,M,17,R,LE3,T,1,2,other,other,1,1,3,no,no,no,no,yes,no,no,2,2,3,3,14.0,10.0,,
170,171.0,GP,F,18,R,GT3,T,1,1,at_home,other,3,1,3,no,yes,no,yes,no,no,no,5,2,1,5,6.0,11.0,6.0,10.0
171,172.0,GP,M,16,R,GT3,T,2,2,at_home,other,3,1,0,no,no,no,no,no,no,no,4,2,1,2,4.0,11.0,2.0,15.0
172,173.0,GP,M,16,U,GT3,T,3,3,other,services,1,2,1,no,yes,no,no,yes,yes,yes,4,5,4,4,0.0,1.0,,
173,174.0,GP,M,16,U,LE3,T,1,2,health,services,2,1,2,no,no,no,no,no,yes,no,4,4,3,5,0.0,10.0,,
174,175.0,GP,M,17,R,LE3,T,2,1,at_home,other,2,1,1,no,no,yes,yes,yes,yes,yes,3,3,2,2,8.0,9.0,,
175,176.0,GP,M,17,R,GT3,T,3,2,other,other,2,2,2,yes,yes,no,no,yes,yes,yes,4,4,1,4,4.0,8.0,,
176,177.0,GP,M,15,U,LE3,T,1,2,other,other,2,1,0,no,no,no,yes,yes,no,no,4,4,2,4,2.0,10.0,,
177,178.0,GP,M,16,U,GT3,T,1,3,at_home,services,1,1,1,no,no,no,no,yes,yes,no,5,3,1,4,2.0,8.0,,
178,179.0,GP,M,17,R,LE3,T,1,1,other,services,4,2,0,no,no,no,yes,yes,no,yes,5,3,1,5,0.0,8.0,,
179,180.0,GP,M,17,U,GT3,T,3,2,services,services,2,1,3,no,yes,no,yes,no,no,no,4,5,1,1,10.0,8.0,,
180,181.0,GP,M,16,U,GT3,T,2,2,other,other,1,2,0,no,no,no,no,yes,yes,no,4,3,2,4,0.0,11.0,4.0,10.0
181,182.0,GP,F,16,U,GT3,T,4,2,health,services,1,2,0,no,no,no,no,yes,yes,yes,4,2,1,1,0.0,18.0,,
182,183.0,GP,F,16,U,GT3,T,2,2,other,other,1,2,0,no,yes,no,no,no,yes,no,5,1,1,1,0.0,13.0,,
183,184.0,GP,F,16,U,GT3,T,4,4,health,health,1,2,0,no,yes,no,no,yes,yes,yes,4,4,1,1,0.0,17.0,,
184,185.0,GP,M,16,U,GT3,T,3,4,other,other,3,1,1,no,yes,no,yes,no,yes,no,3,4,2,4,4.0,10.0,,
185,186.0,GP,M,16,U,GT3,T,1,0,other,other,2,2,0,no,yes,no,yes,yes,yes,yes,4,3,1,1,0.0,18.0,,
186,187.0,GP,M,17,U,LE3,T,4,4,teacher,other,1,2,0,no,yes,no,yes,yes,yes,no,4,4,1,3,0.0,10.0,,
187,188.0,GP,F,16,U,GT3,T,1,3,at_home,services,1,2,0,no,no,no,yes,no,yes,yes,4,3,1,1,0.0,13.0,,
188,189.0,GP,F,16,U,LE3,T,3,3,other,other,2,2,0,no,yes,no,yes,yes,yes,no,4,4,1,1,0.0,15.0,,
189,190.0,GP,M,17,U,LE3,T,4,3,teacher,other,2,2,0,no,no,no,yes,yes,yes,no,4,4,4,4,0.0,11.0,,
190,191.0,GP,F,16,U,GT3,T,2,2,services,other,2,2,0,no,no,no,yes,no,yes,no,3,4,1,4,0.0,14.0,,
191,192.0,GP,M,17,U,GT3,T,3,3,other,other,1,2,0,no,no,no,yes,no,yes,no,4,3,1,4,4.0,10.0,4.0,6.0
192,193.0,GP,M,16,R,GT3,T,4,2,teacher,services,1,1,0,no,yes,no,yes,yes,yes,yes,4,3,3,4,8.0,11.0,10.0,9.0
193,194.0,GP,M,17,U,GT3,T,4,3,other,other,1,2,0,no,yes,yes,yes,yes,yes,yes,5,2,1,1,4.0,13.0,,
194,195.0,GP,M,16,U,GT3,T,4,3,teacher,other,1,2,0,no,yes,yes,yes,yes,yes,no,3,4,2,3,4.0,11.0,10.0,8.0
195,196.0,GP,M,16,U,GT3,T,3,3,services,other,1,2,0,no,no,no,yes,yes,yes,yes,4,2,1,2,0.0,13.0,,
196,197.0,GP,F,17,U,GT3,T,2,4,services,services,1,2,0,no,yes,no,yes,yes,no,no,5,4,2,3,0.0,17.0,0.0,17.0
197,198.0,GP,F,17,U,LE3,T,3,3,other,other,1,2,0,no,yes,no,yes,yes,yes,yes,5,3,2,3,32.0,14.0,56.0,8.0
198,199.0,GP,F,16,U,GT3,T,3,2,other,other,1,2,0,no,yes,no,no,yes,yes,no,1,2,1,2,8.0,16.0,,
199,200.0,GP,M,17,U,GT3,T,3,3,services,services,1,2,0,no,yes,no,yes,yes,yes,yes,4,3,2,3,6.0,14.0,12.0,11.0
200,201.0,GP,M,16,U,GT3,T,1,2,services,services,1,1,0,no,yes,no,yes,yes,yes,yes,3,3,1,2,0.0,11.0,,
201,202.0,GP,M,16,U,LE3,T,2,1,other,other,1,2,0,no,no,no,yes,yes,yes,yes,4,2,1,2,0.0,16.0,,
202,203.0,GP,F,17,U,GT3,A,3,3,health,other,1,2,0,no,yes,no,no,no,yes,yes,3,3,1,3,10.0,14.0,6.0,9.0
203,204.0,GP,M,17,R,GT3,T,1,2,at_home,other,1,2,0,no,no,no,no,yes,no,no,3,1,1,5,6.0,10.0,4.0,10.0
204,205.0,GP,F,16,U,GT3,T,2,3,services,services,1,2,0,no,no,no,no,yes,yes,no,4,3,1,1,6.0,13.0,10.0,13.0
205,206.0,GP,F,17,U,GT3,T,1,1,at_home,services,1,2,0,no,no,no,yes,yes,yes,no,5,3,1,1,0.0,12.0,0.0,9.0
206,207.0,GP,M,17,U,GT3,T,1,2,at_home,services,2,2,0,no,no,no,yes,no,yes,no,4,4,4,5,16.0,12.0,,
207,208.0,GP,M,16,R,GT3,T,3,3,services,services,1,1,0,no,yes,no,yes,yes,yes,no,4,3,3,4,0.0,10.0,8.0,10.0
208,209.0,GP,M,16,U,GT3,T,2,3,other,other,2,1,0,no,no,no,no,yes,yes,no,5,3,1,1,0.0,12.0,0.0,14.0
209,210.0,GP,F,17,U,LE3,T,2,4,services,services,1,2,0,no,no,no,yes,yes,yes,yes,4,3,1,1,8.0,16.0,0.0,15.0
210,211.0,GP,M,17,U,GT3,T,4,4,services,teacher,1,1,0,no,no,no,no,yes,yes,no,5,2,1,2,4.0,14.0,4.0,16.0
211,212.0,GP,M,16,R,LE3,T,3,3,teacher,other,3,1,0,no,yes,no,yes,yes,yes,no,3,3,3,5,16.0,12.0,,
212,213.0,GP,F,17,U,GT3,T,4,4,services,teacher,2,1,1,no,yes,no,no,yes,yes,no,4,2,2,3,30.0,16.0,24.0,18.0
213,214.0,GP,F,16,U,LE3,T,4,4,teacher,teacher,1,2,0,no,yes,no,no,yes,yes,no,4,5,1,2,0.0,11.0,,
214,215.0,GP,F,16,U,GT3,T,4,3,health,other,1,2,0,no,yes,no,yes,yes,yes,no,4,3,1,5,2.0,15.0,2.0,16.0
215,216.0,GP,F,16,U,GT3,T,2,3,other,other,1,2,0,yes,yes,no,yes,yes,no,no,4,4,1,3,4.0,12.0,,
216,217.0,GP,F,17,U,GT3,T,1,1,other,other,1,2,0,no,yes,no,no,no,no,no,4,4,1,3,0.0,15.0,,
217,218.0,GP,F,17,R,GT3,T,2,2,other,other,1,1,0,no,yes,no,no,yes,yes,no,5,3,1,2,21.0,13.0,18.0,6.0
218,219.0,GP,F,16,R,GT3,T,2,2,services,services,2,4,0,no,yes,no,yes,no,yes,no,5,3,1,1,6.0,13.0,,
219,220.0,GP,F,17,U,GT3,T,3,4,at_home,services,1,3,1,no,yes,yes,no,yes,yes,yes,4,4,3,4,14.0,8.0,28.0,9.0
220,221.0,GP,F,16,U,GT3,A,3,1,services,other,1,2,0,no,yes,no,no,yes,yes,no,2,3,2,2,2.0,12.0,,
221,222.0,GP,F,16,U,GT3,T,4,3,teacher,other,1,2,0,no,no,no,yes,yes,yes,yes,1,3,1,1,4.0,15.0,,
222,223.0,GP,F,16,U,GT3,T,1,1,at_home,other,2,1,0,no,yes,no,no,yes,no,no,4,3,1,4,2.0,13.0,,
223,224.0,GP,F,17,R,GT3,T,4,3,teacher,other,2,3,0,no,yes,no,yes,yes,yes,yes,4,4,1,1,0.0,12.0,,
224,225.0,GP,F,19,U,GT3,T,3,3,other,other,1,4,0,no,yes,no,yes,yes,yes,no,4,3,1,2,4.0,12.0,,
225,226.0,GP,M,17,U,LE3,T,4,4,services,other,1,2,0,no,yes,no,no,yes,yes,yes,5,3,4,5,15.0,12.0,,
226,227.0,GP,F,16,U,GT3,A,2,2,other,other,1,2,0,yes,yes,no,no,yes,yes,no,3,3,1,1,0.0,13.0,,
227,228.0,GP,M,18,U,GT3,T,2,2,services,other,1,2,0,no,yes,no,yes,yes,yes,no,4,4,2,4,10.0,11.0,,
228,229.0,GP,F,17,R,LE3,T,4,4,services,other,1,1,0,no,yes,no,no,yes,no,no,5,2,1,2,6.0,11.0,,
229,230.0,GP,F,17,U,LE3,T,3,2,other,other,2,2,0,no,no,no,no,yes,yes,no,4,4,1,3,2.0,15.0,,
230,231.0,GP,F,17,U,GT3,T,4,3,other,other,1,2,0,no,no,no,no,yes,yes,yes,3,4,2,4,16.0,10.0,,
231,232.0,GP,M,18,U,LE3,T,3,3,services,health,1,2,0,no,yes,no,no,yes,yes,no,3,2,2,4,10.0,10.0,,
232,233.0,GP,F,17,U,GT3,T,2,3,at_home,other,2,1,0,no,yes,no,no,yes,no,no,3,3,1,4,4.0,13.0,,
233,234.0,GP,F,17,U,GT3,T,2,2,at_home,at_home,1,3,0,no,yes,no,yes,yes,yes,no,4,3,1,1,0.0,13.0,,
234,235.0,GP,F,17,R,GT3,T,2,1,at_home,services,2,2,0,no,yes,no,yes,yes,yes,no,4,2,1,2,0.0,11.0,2.0,6.0
235,236.0,GP,F,17,U,GT3,T,1,1,at_home,other,1,3,0,no,yes,no,yes,yes,no,yes,4,3,1,1,12.0,12.0,,
236,237.0,GP,F,16,U,GT3,T,2,3,services,teacher,1,2,0,yes,no,no,no,yes,yes,no,2,3,1,1,0.0,14.0,2.0,17.0
237,238.0,GP,M,18,U,GT3,T,2,2,other,other,2,2,3,no,yes,yes,no,yes,yes,no,3,3,5,5,9.0,10.0,,
238,239.0,GP,F,16,U,GT3,T,4,4,teacher,services,1,3,0,no,yes,no,yes,no,yes,no,5,3,1,1,4.0,16.0,0.0,14.0
239,240.0,GP,F,18,R,GT3,T,3,1,other,other,1,2,0,no,no,no,yes,yes,yes,yes,5,3,1,1,4.0,8.0,,
240,241.0,GP,F,17,U,GT3,T,3,2,other,other,1,2,0,no,no,no,yes,no,yes,no,5,3,1,3,2.0,17.0,10.0,15.0
241,242.0,GP,M,17,U,LE3,T,2,3,services,services,1,2,0,no,yes,no,no,no,yes,no,5,3,1,3,0.0,11.0,,
242,243.0,GP,M,18,U,LE3,T,2,1,at_home,other,4,2,0,yes,yes,no,yes,yes,yes,yes,4,3,4,5,2.0,11.0,,
243,244.0,GP,F,17,U,GT3,A,2,1,other,other,2,3,0,no,no,no,yes,yes,yes,yes,3,2,1,2,0.0,16.0,10.0,12.0
244,245.0,GP,F,17,U,LE3,T,4,3,health,other,1,2,0,no,no,no,yes,yes,yes,yes,3,2,1,2,0.0,12.0,14.0,14.0
245,246.0,GP,M,17,R,GT3,T,2,2,other,other,2,2,0,no,yes,no,yes,yes,yes,no,4,5,1,1,0.0,13.0,,
246,247.0,GP,M,17,U,GT3,T,4,4,teacher,teacher,1,2,0,yes,yes,no,yes,yes,yes,yes,4,5,1,3,0.0,13.0,14.0,9.0
247,248.0,GP,M,16,U,GT3,T,4,4,health,other,1,2,0,no,yes,no,yes,yes,yes,no,4,2,2,4,0.0,14.0,,
248,249.0,GP,M,16,U,LE3,T,1,1,other,other,2,2,0,no,yes,no,no,yes,yes,no,3,4,1,1,2.0,9.0,,
249,250.0,GP,M,16,U,GT3,T,3,2,at_home,other,2,3,0,no,no,no,yes,yes,yes,yes,5,3,1,3,0.0,12.0,10.0,10.0
250,251.0,GP,M,17,U,LE3,T,2,2,other,other,1,2,0,no,no,no,yes,no,yes,yes,4,4,5,5,0.0,16.0,,
251,252.0,GP,F,16,U,GT3,T,2,1,other,other,1,1,0,no,no,no,no,yes,yes,yes,4,5,1,1,4.0,10.0,20.0,12.0
252,253.0,GP,F,16,U,GT3,A,4,1,other,other,1,2,0,no,no,no,yes,yes,yes,yes,5,3,1,2,0.0,13.0,,
253,254.0,GP,F,18,U,LE3,A,2,4,services,other,2,2,1,no,yes,no,no,yes,yes,no,4,3,1,1,18.0,10.0,,
254,255.0,GP,F,18,U,LE3,T,2,2,at_home,services,1,2,1,no,yes,no,no,no,yes,yes,5,3,1,1,16.0,10.0,,
255,256.0,GP,F,18,U,GT3,T,3,3,other,other,2,1,1,no,no,no,no,yes,yes,no,4,1,1,1,14.0,7.0,,
256,257.0,GP,M,18,U,GT3,T,2,2,other,at_home,1,1,1,no,yes,no,yes,no,yes,yes,4,4,2,2,26.0,8.0,,
257,258.0,GP,M,17,U,GT3,T,4,4,teacher,teacher,1,1,0,no,yes,no,yes,no,yes,no,4,2,1,2,6.0,9.0,,
258,259.0,GP,F,17,U,GT3,T,3,2,other,other,1,2,0,no,no,no,yes,yes,no,no,5,4,1,1,4.0,15.0,,
259,260.0,GP,F,17,U,LE3,T,1,1,at_home,at_home,1,3,0,no,yes,no,yes,yes,yes,yes,4,3,1,2,10.0,10.0,,
260,261.0,GP,F,16,U,GT3,T,1,2,other,other,1,1,0,no,no,no,no,yes,yes,no,5,3,1,2,4.0,11.0,,
261,262.0,GP,F,17,R,GT3,T,2,1,at_home,services,3,2,0,no,no,no,yes,yes,no,no,2,1,1,1,2.0,13.0,2.0,11.0
262,263.0,GP,F,17,R,LE3,A,1,4,other,other,4,1,1,no,yes,no,no,yes,yes,no,5,5,1,1,14.0,8.0,,
263,264.0,GP,M,18,U,GT3,T,2,2,other,services,1,2,0,no,no,no,no,yes,yes,no,5,5,3,5,16.0,8.0,,
264,265.0,GP,F,17,U,LE3,A,2,2,other,other,1,1,1,no,yes,no,no,no,yes,no,3,1,1,1,8.0,10.0,,
265,266.0,GP,F,17,R,LE3,T,1,1,at_home,other,2,3,0,no,no,no,yes,yes,yes,no,4,3,1,3,4.0,15.0,,
266,267.0,GP,F,17,U,LE3,A,4,2,teacher,other,1,2,0,no,yes,no,yes,yes,no,no,4,3,1,1,4.0,14.0,,
267,268.0,GP,M,17,U,LE3,T,4,3,health,other,2,2,0,no,no,no,yes,yes,yes,yes,2,5,1,4,8.0,15.0,14.0,12.0
268,269.0,GP,M,17,R,LE3,A,4,4,teacher,other,2,2,0,no,yes,no,no,yes,yes,no,3,3,2,3,0.0,12.0,,
269,270.0,GP,M,16,U,LE3,T,4,3,teacher,other,1,1,0,no,no,no,yes,no,yes,no,5,4,1,1,7.0,15.0,0.0,0.0
270,271.0,GP,M,16,U,GT3,T,4,4,services,services,1,1,0,no,no,yes,yes,yes,yes,no,5,3,1,2,4.0,15.0,,
271,272.0,GP,F,17,U,GT3,T,4,4,teacher,services,1,2,0,no,yes,yes,no,yes,yes,yes,5,3,1,4,2.0,12.0,,
272,273.0,GP,M,17,R,GT3,T,1,1,other,other,2,3,0,no,no,no,no,no,yes,yes,4,3,1,1,2.0,15.0,,
273,274.0,GP,F,17,U,GT3,T,3,3,services,other,2,3,0,no,yes,no,no,yes,yes,yes,4,2,2,3,10.0,11.0,,
274,275.0,GP,F,17,U,GT3,T,1,1,at_home,other,1,2,0,yes,no,no,no,no,no,yes,4,3,1,1,10.0,10.0,,
275,276.0,GP,F,18,U,GT3,T,2,1,other,other,2,3,0,no,yes,no,no,no,yes,yes,4,4,1,1,10.0,11.0,,
276,277.0,GP,M,16,U,GT3,T,2,1,other,other,3,1,0,no,no,no,no,yes,yes,no,4,3,1,1,7.0,16.0,6.0,18.0
277,278.0,GP,F,17,U,GT3,T,1,1,other,services,1,2,0,no,yes,no,no,yes,no,no,4,3,1,2,4.0,11.0,,
278,279.0,GP,M,17,U,GT3,T,2,3,other,other,2,1,0,no,no,no,no,yes,yes,no,5,2,1,1,2.0,13.0,4.0,13.0
279,280.0,GP,M,22,U,GT3,T,3,1,services,services,1,1,3,no,no,no,no,no,yes,yes,5,4,5,5,12.0,5.0,16.0,8.0
280,281.0,GP,M,18,R,LE3,T,3,3,other,services,1,2,0,no,yes,no,no,yes,yes,yes,4,3,1,3,8.0,10.0,,
281,282.0,GP,M,16,U,GT3,T,0,2,other,other,1,1,0,no,no,no,no,no,yes,no,4,3,2,4,0.0,11.0,,
282,283.0,GP,M,18,U,GT3,T,3,2,services,other,2,1,0,no,no,no,no,yes,yes,no,4,4,2,4,8.0,7.0,,
283,284.0,GP,M,16,U,GT3,T,3,3,at_home,other,3,2,1,yes,yes,no,no,no,yes,no,5,3,1,3,4.0,10.0,,
284,285.0,GP,M,18,U,GT3,T,2,1,services,services,1,1,2,no,no,no,no,no,yes,no,3,2,2,5,4.0,6.0,,
285,286.0,GP,M,16,R,GT3,T,2,1,other,other,2,1,0,no,no,no,yes,no,no,no,3,3,1,3,2.0,12.0,0.0,8.0
286,287.0,GP,M,17,R,GT3,T,2,1,other,other,1,1,0,no,no,no,no,no,yes,no,4,4,2,4,0.0,13.0,0.0,12.0
287,288.0,GP,M,17,U,LE3,T,1,1,health,other,2,1,1,no,yes,no,yes,yes,yes,no,4,4,1,2,0.0,10.0,2.0,8.0
288,289.0,GP,F,18,U,LE3,A,2,1,other,other,1,2,0,no,yes,no,no,no,yes,yes,4,3,1,3,2.0,13.0,,
289,290.0,GP,F,17,U,LE3,T,4,2,teacher,services,1,4,0,no,yes,no,yes,yes,yes,no,4,2,1,1,2.0,17.0,,
290,291.0,GP,F,19,U,GT3,T,2,2,services,services,1,2,0,no,yes,no,no,yes,yes,no,4,3,1,1,0.0,11.0,,
291,292.0,GP,M,18,U,LE3,T,2,1,services,other,3,2,1,no,no,no,yes,no,yes,no,4,4,4,4,4.0,11.0,,
292,293.0,GP,F,17,R,GT3,T,4,2,other,other,1,3,0,no,yes,no,yes,yes,yes,no,4,3,1,3,2.0,14.0,,
293,294.0,GP,F,18,U,LE3,T,1,1,other,at_home,1,3,0,no,yes,no,no,no,no,no,4,4,2,3,4.0,14.0,,
294,295.0,GP,F,18,R,GT3,T,2,2,other,other,1,2,0,yes,no,no,no,yes,no,no,3,2,1,1,4.0,13.0,,
295,296.0,GP,M,19,U,LE3,A,4,3,services,at_home,1,2,0,no,yes,no,no,yes,yes,no,4,3,1,1,4.0,14.0,12.0,11.0
296,297.0,GP,M,18,U,GT3,T,2,1,other,other,1,2,0,no,no,no,yes,yes,yes,no,5,2,1,2,2.0,16.0,8.0,14.0
297,298.0,GP,M,17,R,GT3,T,2,2,other,services,2,1,0,no,no,no,no,no,no,no,5,2,1,1,0.0,10.0,,
298,299.0,GP,F,17,U,LE3,T,2,2,services,services,1,4,0,no,no,no,yes,yes,yes,yes,3,4,1,1,2.0,12.0,,
299,300.0,GP,F,20,R,GT3,T,2,1,other,other,2,2,0,no,yes,yes,yes,yes,yes,yes,1,2,1,2,8.0,12.0,,
300,301.0,GP,F,18,U,GT3,T,4,3,services,other,1,2,0,no,yes,no,no,yes,yes,yes,3,1,1,3,2.0,15.0,,
301,302.0,GP,M,18,U,GT3,T,4,3,teacher,other,1,2,0,no,yes,no,no,no,yes,no,4,3,1,1,2.0,11.0,,
302,303.0,GP,M,18,R,GT3,T,3,2,other,other,1,3,0,no,no,no,yes,no,no,no,5,3,1,1,2.0,12.0,1.0,12.0
303,304.0,GP,F,17,U,GT3,T,3,3,other,other,1,3,0,no,no,no,yes,no,no,no,3,2,1,1,2.0,13.0,4.0,9.0
304,305.0,GP,F,18,U,GT3,T,2,2,at_home,services,1,3,0,no,yes,no,yes,yes,yes,yes,4,3,1,1,0.0,13.0,,
305,306.0,GP,M,17,U,GT3,T,2,2,other,other,2,1,0,no,no,no,no,yes,yes,no,4,4,2,3,8.0,9.0,,
306,307.0,GP,M,18,R,LE3,A,3,4,other,other,2,2,0,no,yes,no,yes,yes,yes,no,4,2,3,4,6.0,16.0,,
307,308.0,GP,M,17,U,GT3,T,3,1,services,other,1,2,0,no,no,no,yes,yes,yes,yes,5,4,3,4,0.0,14.0,,
308,309.0,GP,F,18,R,GT3,T,4,4,teacher,other,2,2,0,no,no,no,yes,yes,yes,no,4,3,2,2,8.0,12.0,,
309,310.0,GP,M,18,U,GT3,T,4,2,health,other,1,2,0,no,yes,no,yes,yes,yes,yes,5,4,1,3,4.0,14.0,,
310,311.0,GP,F,18,R,GT3,T,2,1,other,other,2,2,0,no,yes,no,no,yes,yes,yes,4,3,1,2,12.0,10.0,0.0,0.0
311,312.0,GP,F,19,U,GT3,T,3,3,other,services,1,2,0,no,yes,no,yes,yes,yes,no,4,3,3,3,16.0,12.0,,
312,313.0,GP,F,18,U,GT3,T,2,3,other,services,1,4,0,no,yes,no,yes,yes,yes,yes,4,5,1,3,10.0,16.0,,
313,314.0,GP,F,18,U,LE3,T,1,1,other,other,2,2,0,no,yes,no,no,no,no,no,4,4,1,1,2.0,13.0,,
314,315.0,GP,M,17,R,GT3,T,1,2,at_home,at_home,1,2,0,no,yes,no,yes,no,no,yes,3,5,2,2,2.0,18.0,,
315,316.0,GP,F,18,U,GT3,T,2,1,other,other,1,2,0,no,yes,no,no,yes,yes,yes,4,2,1,2,8.0,15.0,,
316,317.0,GP,F,17,U,GT3,T,2,4,at_home,health,2,2,0,no,yes,no,no,yes,yes,yes,4,3,1,1,6.0,16.0,,
317,318.0,GP,F,17,U,LE3,T,2,2,services,other,2,2,0,yes,yes,no,no,yes,yes,yes,4,4,2,3,6.0,12.0,,
318,319.0,GP,F,18,R,GT3,A,3,2,other,services,2,2,0,no,no,no,no,no,yes,yes,4,1,1,1,15.0,10.0,75.0,9.0
319,320.0,GP,M,18,U,GT3,T,4,4,teacher,services,2,1,0,no,no,no,yes,yes,yes,no,3,2,1,4,6.0,12.0,,
320,321.0,GP,F,18,U,GT3,T,4,4,health,health,1,2,1,yes,yes,no,yes,yes,yes,yes,2,4,1,1,2.0,13.0,15.0,8.0
321,322.0,GP,F,17,U,GT3,T,2,2,other,services,3,3,0,no,yes,no,no,yes,yes,yes,4,2,1,1,8.0,15.0,,
322,323.0,GP,F,19,R,GT3,T,3,2,services,services,1,2,1,yes,yes,no,no,yes,yes,no,3,3,4,3,0.0,10.0,,
323,324.0,GP,M,18,U,LE3,T,4,3,teacher,services,2,1,0,no,no,no,yes,yes,yes,no,4,2,1,2,0.0,10.0,,
324,325.0,GP,M,18,U,GT3,T,1,2,at_home,other,2,1,0,no,no,no,no,no,yes,no,3,4,2,4,10.0,11.0,,
325,326.0,GP,M,17,U,LE3,A,4,1,services,other,2,1,0,no,no,no,yes,yes,yes,yes,4,5,2,4,22.0,10.0,,
326,327.0,GP,M,17,U,LE3,A,3,2,teacher,services,1,1,0,no,no,no,no,yes,yes,no,4,4,3,4,18.0,13.0,,
327,328.0,GP,F,18,R,LE3,T,1,1,at_home,other,2,4,0,no,yes,no,yes,yes,no,no,5,2,1,1,2.0,18.0,,
328,329.0,GP,F,18,U,GT3,T,1,1,other,other,2,2,0,yes,no,no,yes,yes,yes,no,5,4,1,1,0.0,13.0,4.0,10.0
329,330.0,GP,F,17,U,GT3,T,2,2,other,other,1,2,0,no,yes,no,no,no,yes,no,5,4,1,2,12.0,14.0,4.0,11.0
330,331.0,GP,F,18,U,GT3,T,2,1,other,other,2,2,0,no,no,no,yes,yes,yes,yes,4,3,1,1,10.0,14.0,,
331,332.0,GP,M,17,U,GT3,T,1,1,other,other,1,2,0,no,no,no,no,no,yes,no,4,3,1,2,0.0,12.0,,
332,333.0,GP,F,18,U,GT3,T,2,2,at_home,at_home,1,3,0,no,yes,no,no,yes,yes,no,4,3,1,2,0.0,18.0,,
333,334.0,GP,F,17,U,GT3,T,1,1,services,teacher,1,3,0,no,yes,no,no,yes,yes,no,4,3,1,1,0.0,14.0,,
334,335.0,GP,M,18,U,GT3,T,2,1,services,services,1,3,0,no,no,no,yes,yes,yes,no,4,2,1,3,0.0,15.0,,
335,336.0,GP,M,18,U,LE3,A,4,4,teacher,teacher,1,2,0,no,yes,no,yes,yes,yes,no,5,4,1,1,0.0,17.0,,
336,337.0,GP,M,18,U,GT3,T,4,2,teacher,other,1,2,0,no,yes,no,yes,yes,yes,yes,4,3,1,4,2.0,16.0,,
337,338.0,GP,F,17,U,GT3,T,4,3,health,services,1,3,0,no,yes,no,no,yes,yes,no,4,2,1,2,0.0,18.0,,
338,339.0,GP,F,17,R,LE3,T,3,1,services,other,2,4,0,no,yes,no,no,yes,no,no,3,1,1,1,0.0,19.0,,
339,340.0,GP,M,18,R,LE3,T,3,2,services,other,2,3,0,no,yes,no,yes,yes,yes,no,5,4,1,1,0.0,15.0,,
340,341.0,GP,M,17,U,GT3,T,3,3,health,other,1,1,0,no,yes,no,no,yes,yes,no,4,4,1,3,0.0,15.0,,
341,342.0,GP,F,19,U,GT3,T,4,4,health,other,2,2,0,no,yes,no,yes,yes,yes,no,2,3,2,3,2.0,13.0,,
342,343.0,GP,F,18,U,LE3,T,4,3,other,other,2,2,0,no,yes,no,no,yes,yes,yes,4,4,1,2,0.0,14.0,,
343,344.0,GP,F,18,U,GT3,T,4,3,other,other,1,4,0,no,yes,no,no,yes,yes,no,4,3,1,1,0.0,17.0,,
344,345.0,GP,M,18,U,LE3,T,4,4,teacher,teacher,1,1,0,no,yes,no,no,yes,yes,yes,1,4,2,2,0.0,17.0,,
345,346.0,GP,F,18,U,LE3,A,4,4,health,other,1,2,0,no,yes,yes,no,yes,yes,yes,4,2,1,1,0.0,15.0,,
346,347.0,GP,M,17,U,LE3,T,4,4,other,teacher,2,1,0,no,no,no,no,yes,yes,no,4,1,2,2,0.0,13.0,,
347,348.0,GP,F,17,R,GT3,T,4,4,services,services,2,3,0,no,yes,no,yes,yes,yes,no,5,3,1,1,0.0,8.0,,
348,349.0,GP,F,17,U,GT3,T,4,2,other,other,2,3,0,no,yes,no,no,yes,yes,no,4,3,1,1,0.0,16.0,,
349,350.0,GP,F,17,U,GT3,T,3,2,health,health,1,4,0,no,yes,no,yes,no,yes,no,5,2,1,2,0.0,18.0,,
350,351.0,GP,M,19,R,LE3,T,2,1,at_home,services,2,3,1,no,no,no,yes,yes,yes,yes,4,3,1,1,0.0,11.0,,
351,352.0,GP,M,20,U,GT3,A,3,2,services,other,1,1,2,no,no,no,yes,yes,no,no,5,5,1,1,0.0,15.0,,
352,353.0,GP,M,19,R,GT3,T,3,3,other,services,1,2,0,no,no,no,yes,yes,no,yes,4,5,1,2,0.0,11.0,,
353,354.0,GP,F,18,U,GT3,T,1,4,other,teacher,1,2,0,yes,yes,no,no,no,no,yes,3,4,1,2,2.0,11.0,,
354,355.0,GP,F,18,U,GT3,T,2,1,services,other,2,2,0,no,yes,no,yes,yes,yes,no,5,3,1,2,2.0,15.0,,
355,356.0,GP,F,17,U,GT3,T,2,3,other,other,2,2,0,no,no,no,yes,yes,yes,yes,4,2,1,1,2.0,14.0,,
356,357.0,GP,F,17,R,GT3,T,4,4,teacher,teacher,1,1,0,no,no,no,yes,yes,yes,no,4,4,1,1,2.0,17.0,,
357,358.0,GP,F,18,U,GT3,T,4,3,other,other,1,3,0,no,yes,no,yes,yes,yes,yes,4,3,1,1,2.0,17.0,,
358,359.0,GP,F,18,U,LE3,T,4,3,health,services,2,1,0,no,yes,no,no,yes,yes,no,3,2,1,4,8.0,15.0,,
359,360.0,GP,F,17,R,GT3,T,3,4,at_home,services,1,3,0,no,yes,no,yes,no,yes,no,4,3,2,5,2.0,17.0,,
360,361.0,GP,F,18,U,GT3,T,3,3,at_home,other,1,2,0,no,yes,no,no,yes,yes,no,4,1,1,1,8.0,14.0,,
361,362.0,GP,M,19,U,GT3,T,4,2,health,other,2,2,0,no,yes,no,yes,yes,yes,yes,5,4,1,1,9.0,10.0,,
362,363.0,GP,F,18,U,GT3,T,4,4,teacher,other,1,2,0,no,yes,no,no,yes,yes,no,4,4,3,3,0.0,13.0,,
363,364.0,GP,F,18,U,GT3,T,3,4,other,other,1,1,0,no,yes,no,yes,yes,yes,yes,5,4,1,1,4.0,14.0,,
364,365.0,GP,F,17,U,GT3,T,4,4,health,health,1,1,0,no,no,no,yes,yes,yes,no,5,3,1,2,2.0,17.0,,
365,366.0,GP,F,17,U,GT3,A,4,3,services,services,1,2,0,no,yes,no,no,yes,yes,yes,5,2,1,2,14.0,17.0,,
366,367.0,GP,F,17,U,LE3,A,3,3,services,other,1,2,0,yes,yes,no,no,yes,yes,no,5,3,1,1,0.0,13.0,,
367,368.0,GP,F,17,U,LE3,T,2,1,other,other,1,2,0,no,no,no,yes,yes,yes,no,4,2,2,2,2.0,14.0,,
368,369.0,GP,M,18,U,LE3,T,4,4,other,other,1,1,0,no,yes,no,no,yes,yes,no,4,2,3,4,2.0,11.0,,
369,370.0,GP,F,19,U,GT3,T,1,1,other,other,3,3,0,no,no,no,yes,yes,no,yes,1,5,4,3,12.0,11.0,,
370,371.0,GP,F,19,U,LE3,A,1,1,other,other,3,2,2,no,yes,no,no,no,yes,yes,5,3,1,1,2.0,9.0,,
371,372.0,GP,F,18,U,GT3,T,2,2,other,other,1,1,0,no,yes,no,yes,yes,yes,yes,4,3,2,4,2.0,10.0,,
372,373.0,GP,F,17,U,GT3,T,2,2,other,other,1,2,0,no,yes,no,no,yes,no,yes,4,2,1,1,4.0,13.0,12.0,9.0
373,374.0,GP,F,17,R,LE3,T,2,2,services,services,1,3,0,no,yes,no,yes,yes,yes,no,3,3,2,2,0.0,10.0,,
374,375.0,GP,F,17,U,GT3,T,3,1,services,services,1,3,0,no,yes,no,no,no,yes,no,3,4,2,3,0.0,17.0,1.0,15.0
375,376.0,GP,F,17,U,LE3,T,0,2,at_home,at_home,2,3,0,no,no,no,no,yes,yes,no,3,3,2,3,0.0,15.0,0.0,15.0
376,377.0,GP,F,18,U,GT3,T,1,1,other,other,2,3,0,no,no,no,yes,yes,yes,no,4,5,1,2,0.0,14.0,,
377,378.0,GP,M,18,U,GT3,T,4,4,other,other,1,3,0,no,no,no,yes,yes,yes,no,4,3,2,2,0.0,13.0,3.0,11.0
378,379.0,GP,M,17,U,GT3,T,3,3,other,services,1,1,0,no,no,no,yes,no,yes,no,4,3,3,5,0.0,17.0,3.0,16.0
379,380.0,GP,M,17,R,GT3,T,2,2,services,other,4,1,0,no,yes,no,no,yes,yes,no,4,4,5,5,2.0,10.0,8.0,10.0
380,381.0,GP,F,17,U,GT3,T,4,4,teacher,services,1,3,0,no,yes,no,yes,yes,yes,no,5,4,1,3,0.0,13.0,,
381,382.0,GP,F,17,U,GT3,T,4,4,teacher,teacher,2,3,0,no,yes,no,no,no,yes,yes,4,3,1,2,4.0,15.0,,
382,383.0,GP,F,17,U,GT3,T,3,3,at_home,other,1,1,0,no,yes,yes,yes,yes,yes,no,4,2,2,5,2.0,11.0,,
383,384.0,GP,M,18,U,LE3,T,2,2,other,other,1,4,0,no,yes,yes,yes,yes,yes,no,4,5,2,4,0.0,12.0,,
384,385.0,GP,M,19,R,GT3,T,3,2,at_home,services,1,1,0,no,yes,no,no,no,no,yes,5,3,2,2,0.0,10.0,,
385,386.0,GP,F,18,U,GT3,T,2,2,at_home,other,4,2,0,no,no,no,yes,yes,no,yes,4,2,1,1,2.0,10.0,,
386,387.0,GP,F,17,R,GT3,T,2,4,at_home,other,1,3,0,no,yes,no,no,yes,yes,yes,4,4,1,1,0.0,15.0,7.0,14.0
387,388.0,GP,M,18,U,GT3,T,2,2,other,other,1,1,0,no,no,no,no,no,yes,no,5,4,1,2,6.0,15.0,,
388,389.0,GP,F,18,U,GT3,T,3,3,services,services,1,2,0,no,no,no,yes,yes,yes,no,5,3,1,1,8.0,12.0,0.0,0.0
389,390.0,GP,F,18,U,LE3,T,2,2,other,other,1,2,0,no,no,no,yes,no,yes,yes,4,3,1,1,0.0,12.0,0.0,0.0
390,391.0,GP,F,18,R,GT3,T,2,2,at_home,other,2,4,0,no,no,no,yes,yes,no,no,4,4,1,1,6.0,14.0,0.0,0.0
391,392.0,GP,F,17,U,GT3,T,3,4,services,other,1,3,0,no,no,no,no,yes,yes,no,4,4,1,3,8.0,14.0,16.0,15.0
392,393.0,GP,F,17,U,GT3,T,3,2,other,other,1,2,0,no,yes,no,no,yes,yes,yes,4,3,2,3,0.0,15.0,,
393,394.0,GP,F,18,U,LE3,T,3,3,services,services,1,4,0,no,yes,no,no,yes,yes,no,5,3,1,1,4.0,15.0,7.0,17.0
394,395.0,GP,F,17,R,GT3,A,3,2,other,other,1,2,0,no,yes,no,no,yes,yes,no,4,3,2,3,0.0,16.0,,
395,396.0,GP,M,18,U,GT3,T,4,4,teacher,services,1,2,0,no,yes,no,yes,yes,yes,no,4,3,2,2,0.0,13.0,,
396,397.0,GP,M,18,U,LE3,T,3,4,services,other,1,2,0,no,no,no,yes,yes,yes,yes,4,3,1,3,6.0,17.0,11.0,15.0
397,398.0,GP,F,17,U,GT3,A,2,2,at_home,at_home,1,2,0,no,yes,no,no,yes,yes,yes,3,3,1,2,18.0,14.0,,
398,399.0,GP,F,18,U,GT3,T,2,3,at_home,other,1,3,0,no,yes,no,no,yes,yes,no,4,3,1,2,0.0,14.0,4.0,10.0
399,400.0,GP,F,18,U,GT3,T,3,2,other,services,1,3,0,no,no,no,no,yes,yes,yes,5,4,2,3,4.0,17.0,7.0,14.0
400,401.0,GP,M,18,R,GT3,T,4,3,teacher,services,1,3,0,no,no,no,no,yes,yes,yes,5,3,1,2,4.0,17.0,9.0,16.0
401,402.0,GP,M,18,U,GT3,T,4,3,teacher,other,1,3,0,no,yes,no,no,yes,yes,yes,5,4,2,3,0.0,14.0,,
402,403.0,GP,F,17,U,GT3,T,4,3,health,other,1,3,0,no,yes,no,yes,yes,yes,yes,4,4,1,3,0.0,13.0,,
403,404.0,GP,F,17,U,GT3,T,2,1,services,other,2,2,0,no,yes,no,yes,yes,yes,yes,4,3,2,2,10.0,15.0,,
404,405.0,GP,F,17,U,GT3,T,2,1,services,other,1,2,0,no,yes,no,yes,yes,yes,no,4,3,2,4,4.0,16.0,,
405,406.0,GP,F,19,U,LE3,A,2,3,at_home,other,2,1,1,no,no,no,no,yes,yes,no,2,2,3,4,16.0,11.0,,
406,407.0,GP,F,17,U,GT3,T,3,1,other,at_home,1,1,1,no,yes,yes,no,yes,yes,yes,4,1,1,1,6.0,13.0,,
407,408.0,GP,F,21,U,LE3,T,4,4,other,other,1,3,2,no,no,yes,yes,yes,yes,no,3,3,1,1,0.0,12.0,,
408,409.0,GP,M,18,U,LE3,T,2,2,services,services,1,2,0,no,yes,no,yes,no,yes,no,4,4,1,3,11.0,12.0,,
409,410.0,GP,M,18,U,LE3,A,3,4,other,other,1,2,0,no,no,no,yes,yes,yes,yes,4,3,1,4,9.0,15.0,,
410,411.0,GP,F,17,U,GT3,T,2,2,services,services,1,2,0,no,yes,no,yes,yes,yes,no,4,3,1,3,0.0,17.0,,
411,412.0,GP,M,17,U,LE3,A,4,4,health,other,1,3,0,no,yes,no,no,yes,yes,no,4,4,1,2,2.0,15.0,,
412,413.0,GP,F,18,U,LE3,T,4,2,teacher,other,1,2,0,no,yes,no,yes,yes,yes,no,4,2,1,1,0.0,17.0,,
413,414.0,GP,M,21,R,LE3,T,1,1,at_home,other,2,2,2,no,yes,no,yes,yes,yes,yes,5,3,5,2,21.0,10.0,,
414,415.0,GP,F,20,R,GT3,T,1,1,other,other,2,3,0,no,no,no,no,yes,yes,yes,3,2,1,3,8.0,15.0,,
415,416.0,GP,F,19,U,GT3,T,4,4,teacher,other,1,1,1,no,yes,no,no,yes,yes,yes,3,2,4,4,5.0,11.0,,
416,417.0,GP,M,17,U,LE3,A,3,2,other,other,1,2,0,no,yes,no,no,yes,yes,no,4,4,1,2,10.0,18.0,,
417,418.0,GP,F,18,U,GT3,T,3,2,at_home,other,1,3,0,no,yes,no,no,yes,yes,yes,4,3,1,2,5.0,17.0,,
418,419.0,GP,M,18,R,GT3,T,2,3,other,services,1,1,0,no,no,no,no,yes,yes,no,3,1,4,5,13.0,14.0,,
419,420.0,GP,M,19,U,GT3,T,2,1,other,other,1,1,0,no,no,no,no,yes,yes,no,5,3,1,4,10.0,11.0,,
420,421.0,GP,F,18,U,LE3,A,2,2,services,other,2,2,0,no,yes,no,no,yes,yes,no,4,1,1,3,10.0,17.0,,
421,422.0,GP,F,20,U,GT3,T,1,0,other,other,2,1,1,yes,no,no,no,yes,yes,yes,5,3,1,1,5.0,10.0,,
422,423.0,GP,F,18,U,GT3,T,3,2,services,other,1,2,0,no,yes,no,yes,no,yes,yes,3,1,1,2,4.0,13.0,,
423,424.0,MS,F,16,U,GT3,T,1,3,at_home,other,2,1,0,no,yes,no,no,yes,yes,yes,4,3,1,3,11.0,11.0,,
424,425.0,MS,F,16,R,GT3,T,2,2,other,other,2,2,0,no,yes,no,yes,yes,yes,no,4,4,1,1,0.0,12.0,,
425,426.0,MS,F,15,R,GT3,T,1,1,at_home,services,1,1,1,no,yes,no,no,yes,no,yes,4,1,1,1,6.0,10.0,,
426,427.0,MS,F,15,R,GT3,T,3,3,at_home,other,2,1,0,no,yes,no,no,yes,yes,no,5,4,2,3,4.0,11.0,,
427,428.0,MS,F,16,R,GT3,T,2,3,at_home,services,2,2,0,no,no,no,no,yes,no,no,4,5,1,2,0.0,17.0,,
428,429.0,MS,F,15,R,LE3,T,2,1,at_home,other,2,1,0,no,no,no,no,yes,no,no,1,3,1,1,0.0,9.0,,
429,430.0,MS,M,16,R,LE3,A,4,4,at_home,other,1,2,0,no,yes,no,no,yes,no,no,5,3,1,3,5.0,11.0,,
430,431.0,MS,M,16,U,GT3,A,1,2,other,other,1,3,0,yes,no,no,no,yes,yes,no,4,4,1,1,0.0,11.0,,
431,432.0,MS,F,17,R,GT3,T,3,2,at_home,other,1,2,1,no,no,no,no,yes,no,yes,4,5,1,2,0.0,10.0,,
432,433.0,MS,F,17,R,GT3,T,1,1,other,other,1,1,1,no,yes,no,no,no,yes,no,5,4,2,2,0.0,7.0,,
433,434.0,MS,F,15,R,GT3,T,4,4,teacher,other,2,1,0,no,no,no,no,yes,yes,yes,1,5,3,5,0.0,14.0,,
434,435.0,MS,F,16,U,LE3,A,2,2,at_home,other,2,4,0,no,no,no,yes,no,no,yes,1,2,1,1,4.0,11.0,,
435,436.0,MS,F,15,R,LE3,T,1,1,at_home,services,2,2,0,no,yes,no,no,yes,yes,no,5,4,1,2,0.0,10.0,,
436,437.0,MS,F,15,R,LE3,T,1,1,other,services,2,1,1,no,yes,no,no,yes,yes,yes,4,4,1,2,4.0,8.0,,
437,438.0,MS,F,16,R,GT3,T,0,2,other,other,2,1,0,no,yes,no,yes,yes,no,no,3,2,1,2,0.0,12.0,,
438,439.0,MS,F,17,R,GT3,T,2,3,other,other,2,1,0,no,yes,no,no,yes,yes,no,5,5,1,3,2.0,12.0,,
439,440.0,MS,F,15,R,GT3,T,3,3,other,services,2,1,0,no,no,no,no,no,yes,no,4,1,1,1,0.0,16.0,,
440,441.0,MS,M,16,U,GT3,T,1,1,at_home,services,2,2,0,no,yes,no,yes,yes,no,yes,5,4,4,5,0.0,0.0,,
441,442.0,MS,M,17,U,GT3,T,1,1,other,other,1,2,0,no,no,yes,no,no,yes,no,4,4,2,4,4.0,9.0,,
442,443.0,MS,M,15,R,LE3,T,4,1,health,services,1,2,0,no,yes,no,yes,yes,yes,no,5,3,1,2,0.0,14.0,,
443,444.0,MS,M,15,R,LE3,T,4,1,health,services,1,2,0,no,yes,no,yes,yes,yes,no,5,3,1,2,7.0,8.0,,
444,445.0,MS,M,16,R,GT3,T,3,4,other,health,3,2,0,no,no,no,no,no,no,no,3,4,1,2,4.0,11.0,,
445,446.0,MS,M,15,R,GT3,T,1,1,other,other,4,2,0,no,yes,no,yes,yes,no,yes,5,4,2,4,8.0,9.0,,
446,447.0,MS,M,15,U,LE3,T,3,3,at_home,at_home,1,2,0,no,yes,no,yes,yes,yes,no,5,3,1,1,0.0,11.0,,
447,448.0,MS,M,17,R,GT3,T,2,1,other,other,3,1,0,no,no,no,yes,yes,no,yes,5,5,5,5,8.0,9.0,,
448,449.0,MS,F,16,R,GT3,T,4,4,teacher,teacher,2,3,0,no,no,no,yes,yes,yes,yes,4,2,1,1,6.0,17.0,,
449,450.0,MS,F,15,R,GT3,T,1,2,other,services,2,1,0,no,no,no,no,yes,no,no,5,1,1,1,3.0,13.0,,
450,451.0,MS,F,16,R,GT3,T,2,3,other,services,3,2,0,no,yes,no,no,yes,yes,no,4,5,1,2,2.0,15.0,,
451,452.0,MS,M,16,R,GT3,T,1,2,other,other,2,2,0,no,no,no,no,yes,no,no,4,3,1,1,0.0,11.0,,
452,453.0,MS,F,16,R,GT3,T,2,2,other,other,3,2,0,no,yes,no,no,yes,yes,no,4,4,1,1,4.0,11.0,,
453,454.0,MS,F,16,U,GT3,T,1,2,other,services,1,3,1,no,yes,no,no,yes,no,no,1,3,1,2,0.0,8.0,,
454,455.0,MS,F,16,U,GT3,T,1,2,other,services,1,3,1,no,yes,no,no,yes,no,no,1,3,1,2,3.0,8.0,,
455,456.0,MS,F,15,U,GT3,T,2,1,at_home,other,1,2,0,yes,yes,no,no,no,yes,no,4,4,3,3,0.0,9.0,,
456,457.0,MS,F,16,U,GT3,T,1,1,at_home,other,1,2,0,no,yes,no,no,no,no,yes,5,4,2,1,0.0,15.0,,
457,458.0,MS,M,17,R,LE3,T,1,2,at_home,services,1,1,0,no,yes,no,yes,yes,yes,no,5,5,5,5,4.0,11.0,,
458,459.0,MS,F,16,R,GT3,T,1,1,other,other,4,4,0,no,yes,no,no,no,yes,no,4,3,1,1,0.0,13.0,,
459,460.0,MS,F,16,R,GT3,T,1,1,at_home,other,4,3,0,yes,yes,no,no,yes,no,no,4,4,1,1,2.0,10.0,,
460,461.0,MS,F,15,R,GT3,T,1,1,at_home,other,2,2,0,no,yes,no,yes,yes,yes,no,4,3,1,1,1.0,11.0,,
461,462.0,MS,F,16,R,GT3,T,1,1,at_home,other,2,1,0,no,no,no,yes,yes,yes,yes,4,2,4,3,0.0,14.0,,
462,463.0,MS,F,15,R,GT3,T,1,1,at_home,at_home,3,2,0,no,yes,no,no,yes,no,no,4,2,1,2,0.0,14.0,,
463,464.0,MS,F,15,R,LE3,T,2,2,other,other,1,3,0,yes,yes,no,no,yes,no,no,4,4,2,2,2.0,12.0,,
464,465.0,MS,M,16,R,GT3,T,1,1,at_home,other,2,1,0,no,no,no,yes,yes,no,no,3,4,3,4,6.0,11.0,,
465,466.0,MS,F,18,U,GT3,T,1,2,other,other,1,2,1,no,yes,no,yes,yes,yes,yes,3,4,2,3,9.0,8.0,,
466,467.0,MS,M,15,U,GT3,T,3,1,other,services,2,1,0,no,yes,no,no,yes,no,no,3,2,1,3,0.0,11.0,,
467,468.0,MS,F,16,R,GT3,T,2,2,other,services,3,2,0,no,yes,no,yes,yes,yes,no,5,3,1,1,1.0,14.0,,
468,469.0,MS,M,15,U,GT3,T,2,2,health,other,3,1,0,no,no,no,no,yes,no,no,4,3,1,2,1.0,13.0,,
469,470.0,MS,M,16,U,GT3,T,4,4,other,teacher,1,2,0,no,yes,no,yes,yes,no,yes,4,3,1,1,0.0,13.0,,
470,471.0,MS,F,15,R,GT3,T,3,3,services,other,1,2,0,no,yes,no,no,yes,yes,yes,4,5,1,1,4.0,12.0,,
471,472.0,MS,F,16,R,GT3,T,2,2,at_home,other,2,2,1,no,yes,no,yes,no,no,no,4,4,2,3,2.0,12.0,,
472,473.0,MS,F,16,R,LE3,T,2,2,other,other,3,1,0,no,yes,no,yes,yes,no,yes,4,3,1,1,0.0,16.0,,
473,474.0,MS,M,16,U,LE3,T,2,1,at_home,services,2,1,0,no,yes,no,yes,yes,yes,no,2,4,2,3,4.0,10.0,,
474,475.0,MS,M,15,R,LE3,T,1,3,at_home,other,3,1,0,no,yes,no,yes,yes,yes,no,4,2,3,5,2.0,11.0,,
475,476.0,MS,F,15,U,GT3,T,2,2,other,services,2,3,0,no,yes,no,yes,yes,no,no,5,3,1,1,0.0,14.0,,
476,477.0,MS,F,16,R,LE3,T,2,1,other,other,1,1,0,no,yes,no,no,yes,yes,yes,5,4,1,1,2.0,8.0,,
477,478.0,MS,M,15,U,GT3,T,3,3,services,services,2,1,0,no,yes,no,yes,no,yes,no,4,3,2,4,11.0,11.0,,
478,479.0,MS,F,16,R,GT3,T,1,1,at_home,other,2,2,3,yes,yes,no,no,yes,no,no,3,4,1,1,0.0,8.0,,
479,480.0,MS,F,17,U,GT3,T,2,2,other,at_home,1,1,0,no,yes,no,yes,yes,no,no,4,5,1,1,4.0,10.0,,
480,481.0,MS,F,19,U,GT3,T,2,3,at_home,services,1,1,1,no,no,no,no,yes,yes,yes,4,4,1,1,0.0,10.0,,
481,482.0,MS,F,17,R,GT3,T,2,1,at_home,other,3,1,0,no,yes,no,yes,yes,no,yes,5,5,1,1,2.0,11.0,,
482,483.0,MS,F,15,R,LE3,T,1,1,at_home,other,2,1,0,no,yes,no,no,yes,no,yes,5,2,1,3,0.0,9.0,,
483,484.0,MS,F,16,R,GT3,T,2,2,other,other,3,2,0,no,yes,no,no,yes,yes,no,3,4,1,2,1.0,11.0,,
484,485.0,MS,F,16,U,LE3,A,2,2,other,other,1,1,0,no,yes,no,no,yes,no,no,4,3,1,2,6.0,8.0,,
485,486.0,MS,F,17,R,GT3,T,2,2,at_home,other,2,2,0,no,yes,no,no,yes,yes,no,4,3,1,2,0.0,11.0,,
486,487.0,MS,F,16,U,GT3,T,2,2,other,services,1,1,1,no,yes,yes,yes,no,yes,no,4,4,1,4,1.0,10.0,,
487,488.0,MS,F,18,R,LE3,A,3,2,other,other,2,3,2,no,yes,no,no,no,no,yes,3,3,1,1,6.0,10.0,,
488,489.0,MS,F,19,U,GT3,T,1,1,at_home,services,1,3,1,no,no,no,yes,yes,no,yes,5,3,1,1,6.0,9.0,,
489,490.0,MS,M,18,R,GT3,T,1,1,other,other,2,1,1,no,no,no,yes,yes,yes,no,4,4,3,4,0.0,10.0,,
490,491.0,MS,F,18,R,GT3,T,1,1,at_home,at_home,2,1,1,no,no,no,no,no,yes,yes,3,2,1,1,4.0,10.0,,
491,492.0,MS,F,19,U,GT3,T,1,1,other,other,2,2,1,no,yes,no,no,yes,yes,yes,1,1,4,1,12.0,9.0,,
492,493.0,MS,F,16,R,GT3,A,2,2,health,other,1,2,0,no,no,no,no,no,no,yes,3,3,1,1,2.0,10.0,,
493,494.0,MS,F,17,U,GT3,T,0,1,other,at_home,2,1,0,no,no,no,yes,no,no,no,2,4,3,5,5.0,10.0,,
494,495.0,MS,F,16,R,LE3,T,1,2,at_home,other,1,2,0,no,no,no,yes,yes,yes,no,4,4,1,3,0.0,9.0,,
495,496.0,MS,F,16,U,GT3,T,3,3,other,other,1,1,0,no,no,no,yes,yes,yes,yes,4,5,1,1,0.0,13.0,,
496,497.0,MS,F,16,R,LE3,T,1,1,services,services,1,1,0,no,yes,no,yes,yes,yes,yes,4,4,2,2,2.0,14.0,,
497,498.0,MS,M,17,U,GT3,T,3,3,services,at_home,2,4,1,no,yes,yes,yes,yes,no,no,5,4,3,4,0.0,10.0,,
498,499.0,MS,F,16,U,GT3,T,2,1,other,services,1,2,0,no,yes,no,yes,yes,yes,no,5,3,1,1,0.0,14.0,,
499,500.0,MS,F,16,U,GT3,T,2,2,services,other,1,1,0,no,yes,yes,yes,yes,no,yes,4,2,1,2,0.0,16.0,,
500,501.0,MS,M,17,U,GT3,T,1,2,other,other,1,1,1,no,yes,no,yes,yes,yes,yes,5,3,5,5,12.0,7.0,,
501,502.0,MS,M,16,U,LE3,T,4,3,other,other,1,1,0,no,no,no,yes,yes,yes,no,4,2,1,5,8.0,13.0,,
502,503.0,MS,M,17,R,LE3,T,2,2,services,services,3,4,1,no,yes,no,no,yes,no,no,1,3,3,5,2.0,9.0,,
503,504.0,MS,F,16,U,GT3,T,1,1,other,other,1,4,0,yes,yes,no,yes,yes,yes,no,2,2,1,1,0.0,14.0,,
504,505.0,MS,F,19,U,LE3,T,2,2,other,other,1,3,0,no,no,no,no,yes,yes,yes,5,4,1,1,0.0,13.0,,
505,506.0,MS,F,17,R,GT3,T,1,1,at_home,other,2,1,0,no,yes,no,yes,no,yes,yes,4,4,1,2,0.0,11.0,,
506,507.0,MS,F,20,U,GT3,T,3,3,at_home,services,2,2,1,no,no,no,yes,yes,yes,yes,3,3,2,4,8.0,10.0,,
507,508.0,MS,F,17,U,LE3,T,1,1,other,services,1,3,0,no,yes,no,no,yes,no,yes,4,3,1,1,0.0,10.0,,
508,509.0,MS,M,17,R,GT3,T,2,2,other,other,3,1,1,no,yes,no,no,no,yes,no,4,4,1,2,0.0,9.0,,
509,510.0,MS,F,16,R,LE3,T,1,1,at_home,other,3,2,0,no,yes,no,no,yes,no,no,5,3,1,1,0.0,18.0,,
510,511.0,MS,F,17,R,GT3,T,2,2,other,other,2,2,0,no,yes,no,yes,yes,no,no,5,3,1,1,0.0,17.0,,
511,512.0,MS,F,17,U,GT3,A,1,0,other,other,2,2,0,no,no,no,no,yes,yes,yes,4,4,1,1,1.0,10.0,,
512,513.0,MS,F,18,R,GT3,T,1,1,at_home,other,1,2,1,no,yes,no,no,yes,yes,yes,4,3,1,1,9.0,7.0,,
513,514.0,MS,F,16,U,GT3,T,3,1,other,other,1,1,0,no,no,no,yes,yes,yes,no,3,1,1,3,0.0,8.0,,
514,515.0,MS,F,16,U,GT3,T,3,2,services,at_home,1,1,0,no,no,no,no,yes,yes,no,3,1,1,4,2.0,7.0,,
515,516.0,MS,F,18,U,LE3,T,1,1,other,at_home,2,2,0,yes,no,no,no,yes,no,no,2,3,1,4,8.0,10.0,,
516,517.0,MS,F,16,R,GT3,T,4,4,health,teacher,1,2,0,no,no,no,yes,no,yes,yes,4,3,2,3,0.0,16.0,,
517,518.0,MS,F,16,R,LE3,T,1,2,other,other,2,1,0,no,no,no,yes,yes,yes,no,5,4,1,4,0.0,15.0,,
518,519.0,MS,F,18,U,GT3,A,2,4,other,services,1,2,1,no,yes,no,no,yes,yes,no,2,3,1,3,8.0,8.0,,
519,520.0,MS,M,16,R,GT3,T,2,1,other,services,2,2,0,no,no,no,yes,yes,yes,no,5,2,1,1,0.0,0.0,,
520,521.0,MS,F,16,U,LE3,T,1,1,at_home,other,3,2,0,no,yes,no,no,yes,yes,no,4,3,1,3,6.0,8.0,,
521,522.0,MS,F,16,R,GT3,T,2,3,at_home,services,2,2,0,no,yes,no,yes,yes,yes,no,3,3,1,1,0.0,10.0,,
522,523.0,MS,F,16,U,GT3,T,4,4,health,health,1,2,0,no,yes,no,no,yes,yes,yes,4,3,1,2,4.0,8.0,,
523,524.0,MS,M,18,U,LE3,T,4,4,at_home,health,1,4,0,no,yes,no,yes,yes,yes,yes,5,5,5,5,2.0,6.0,,
524,525.0,MS,F,16,R,LE3,T,3,4,at_home,other,3,2,0,no,yes,no,no,no,no,no,4,2,1,1,2.0,8.0,,
525,526.0,MS,M,17,U,LE3,T,4,4,other,services,1,3,0,no,yes,no,no,yes,yes,no,4,4,1,2,0.0,16.0,,
526,527.0,MS,F,17,R,GT3,T,4,1,other,other,1,1,0,no,no,no,no,yes,yes,yes,4,2,1,2,1.0,14.0,,
527,528.0,MS,M,16,U,LE3,T,2,2,services,services,4,3,0,no,no,no,no,yes,no,no,5,1,2,2,0.0,10.0,,
528,529.0,MS,F,17,R,GT3,T,2,2,at_home,other,1,1,0,no,yes,yes,no,yes,yes,no,5,1,1,2,5.0,9.0,,
529,530.0,MS,F,16,U,LE3,T,4,4,services,services,2,1,0,no,yes,no,no,yes,no,no,5,1,1,2,1.0,11.0,,
530,531.0,MS,M,17,U,GT3,T,3,3,services,services,1,1,0,no,yes,no,yes,yes,yes,no,4,1,5,5,8.0,9.0,,
531,532.0,MS,M,17,U,GT3,T,1,1,at_home,services,3,2,0,no,no,no,no,yes,yes,yes,5,1,3,3,0.0,10.0,,
532,533.0,MS,M,16,U,GT3,T,2,1,health,services,2,2,0,no,no,no,no,no,yes,yes,4,2,1,4,2.0,8.0,,
533,534.0,MS,F,16,U,LE3,T,2,1,other,services,1,2,0,no,no,no,no,yes,yes,yes,3,2,1,1,0.0,16.0,,
534,535.0,MS,M,16,U,LE3,T,4,4,teacher,health,1,1,0,no,yes,no,no,yes,yes,no,4,1,2,5,0.0,12.0,,
535,536.0,MS,M,15,R,GT3,T,1,2,other,services,3,2,0,no,yes,no,yes,yes,no,no,5,5,1,3,11.0,10.0,,
536,537.0,MS,M,15,U,LE3,A,2,2,other,other,3,4,0,no,yes,no,yes,yes,no,no,5,4,2,3,8.0,14.0,,
537,538.0,MS,M,15,U,LE3,A,2,1,services,services,1,1,0,no,no,no,yes,yes,yes,no,4,3,1,2,11.0,12.0,,
538,539.0,MS,F,16,R,LE3,T,2,2,other,other,1,3,0,no,yes,no,no,no,no,yes,4,3,2,2,2.0,11.0,,
539,540.0,MS,F,16,U,LE3,T,4,1,other,other,2,2,0,no,yes,no,yes,yes,yes,no,1,2,2,2,8.0,10.0,,
540,541.0,MS,F,17,U,GT3,T,3,2,at_home,other,2,1,0,no,no,no,no,yes,no,yes,4,3,2,2,5.0,11.0,,
541,542.0,MS,F,17,R,GT3,T,2,2,other,other,2,2,0,yes,no,yes,no,yes,no,no,5,1,1,1,0.0,11.0,,
542,543.0,MS,F,16,U,GT3,T,4,4,teacher,services,2,3,0,no,yes,no,no,yes,yes,yes,5,3,1,4,1.0,12.0,,
543,544.0,MS,M,17,R,GT3,T,4,4,health,other,3,1,3,no,no,no,yes,yes,yes,yes,3,3,1,3,2.0,8.0,,
544,545.0,MS,M,17,R,LE3,T,1,3,other,other,2,1,0,no,no,no,yes,yes,no,yes,5,1,3,3,2.0,12.0,,
545,546.0,MS,M,17,U,GT3,T,3,4,services,other,1,2,1,no,yes,no,yes,no,yes,yes,5,4,3,4,8.0,8.0,,
546,547.0,MS,F,17,U,GT3,T,4,4,health,health,1,2,0,no,yes,no,no,yes,yes,no,5,2,1,1,0.0,16.0,,
547,548.0,MS,M,16,R,LE3,T,4,1,other,at_home,1,1,0,no,no,no,no,yes,yes,no,4,1,2,1,0.0,11.0,,
548,549.0,MS,F,17,U,GT3,A,1,1,at_home,at_home,1,2,0,no,no,no,yes,yes,yes,yes,4,5,1,2,2.0,11.0,,
549,550.0,MS,F,17,R,GT3,T,4,2,other,other,2,2,0,yes,yes,no,no,no,yes,no,4,3,2,3,0.0,18.0,,
550,551.0,MS,M,16,U,LE3,A,2,2,other,services,2,2,0,no,yes,no,no,no,yes,yes,4,1,2,2,0.0,13.0,,
551,552.0,MS,M,17,U,GT3,T,3,2,other,other,2,2,0,no,yes,yes,no,yes,yes,no,4,1,2,2,0.0,13.0,,
552,553.0,MS,M,19,U,GT3,T,1,1,other,other,1,2,2,no,yes,no,yes,yes,yes,no,4,4,3,4,2.0,10.0,,
553,554.0,MS,M,17,U,LE3,A,1,0,other,other,1,1,0,no,no,no,no,yes,no,yes,4,1,1,1,4.0,12.0,,
554,555.0,MS,F,17,R,GT3,T,1,1,at_home,at_home,2,1,0,no,yes,no,yes,yes,yes,yes,3,5,2,2,3.0,10.0,,
555,556.0,MS,F,16,R,GT3,T,1,2,other,other,1,3,0,yes,yes,no,no,no,yes,yes,4,3,1,1,5.0,13.0,,
556,557.0,MS,M,16,R,LE3,T,1,2,other,at_home,1,1,0,no,no,no,no,yes,no,no,4,4,2,4,4.0,11.0,,
557,558.0,MS,F,17,R,GT3,T,3,1,other,other,2,2,3,no,yes,no,yes,no,yes,yes,5,4,1,1,2.0,10.0,,
558,559.0,MS,M,17,R,GT3,T,2,2,other,other,2,1,0,no,no,no,yes,yes,no,yes,5,5,3,5,0.0,10.0,,
559,560.0,MS,M,18,R,GT3,T,1,0,at_home,at_home,3,1,1,yes,yes,no,no,yes,no,no,4,3,1,1,0.0,13.0,,
560,561.0,MS,M,17,R,GT3,T,1,1,other,services,2,1,0,no,yes,no,yes,no,yes,yes,4,5,1,3,0.0,10.0,,
561,562.0,MS,M,18,U,LE3,T,1,1,at_home,at_home,2,2,0,no,yes,no,yes,yes,no,no,4,3,1,4,6.0,10.0,,
562,563.0,MS,F,16,R,LE3,T,2,2,other,services,1,2,0,no,no,no,yes,yes,no,yes,5,4,1,1,0.0,12.0,,
563,564.0,MS,M,17,U,GT3,T,2,2,other,other,1,1,1,no,no,no,yes,yes,no,yes,1,2,2,3,0.0,0.0,,
564,565.0,MS,M,16,R,GT3,T,3,2,services,other,2,1,0,no,no,no,no,yes,yes,no,4,5,2,3,2.0,10.0,,
565,566.0,MS,M,16,R,LE3,T,1,1,at_home,other,2,1,0,no,no,no,yes,yes,yes,no,4,5,2,4,0.0,9.0,,
566,567.0,MS,M,18,R,GT3,T,1,1,services,other,2,1,1,no,yes,no,no,yes,yes,yes,5,3,2,3,2.0,9.0,,
567,568.0,MS,M,18,R,GT3,T,3,2,services,other,1,1,1,no,no,no,no,yes,yes,no,2,3,2,2,0.0,0.0,,
568,569.0,MS,M,19,U,GT3,T,3,2,at_home,services,2,1,3,no,no,no,yes,yes,no,no,3,2,1,1,4.0,9.0,,
569,570.0,MS,M,18,U,GT3,T,3,3,at_home,at_home,1,2,2,no,yes,no,yes,yes,yes,no,4,4,1,3,9.0,8.0,,
570,571.0,MS,M,16,R,GT3,T,2,2,services,services,2,1,0,no,yes,no,yes,yes,yes,yes,5,4,2,4,6.0,8.0,,
571,572.0,MS,M,19,U,GT3,T,2,1,at_home,other,2,1,3,no,no,no,yes,no,yes,yes,4,4,1,3,4.0,9.0,,
572,573.0,MS,F,16,U,GT3,A,3,2,services,at_home,2,2,2,no,yes,no,yes,yes,no,yes,2,5,1,1,8.0,7.0,,
573,574.0,MS,F,17,U,GT3,T,1,1,other,at_home,1,1,0,no,yes,no,yes,yes,no,no,4,3,1,2,9.0,10.0,,
574,575.0,MS,M,20,R,GT3,T,1,1,other,other,2,1,1,no,yes,no,no,yes,yes,yes,4,4,2,4,12.0,10.0,,
575,576.0,MS,F,18,R,GT3,A,4,3,services,services,1,1,0,no,yes,no,no,yes,yes,no,5,4,3,4,8.0,10.0,,
576,577.0,MS,M,18,R,GT3,T,3,2,other,other,2,1,0,no,yes,no,no,no,yes,no,2,5,5,5,8.0,11.0,,
577,578.0,MS,M,19,R,GT3,T,1,1,other,services,3,2,1,no,no,no,no,yes,yes,no,5,4,3,3,8.0,11.0,,
578,579.0,MS,M,17,U,GT3,T,3,3,health,other,2,2,1,no,yes,no,no,yes,yes,no,4,5,2,3,4.0,10.0,,
579,580.0,MS,M,18,U,LE3,T,1,3,at_home,services,1,1,0,no,no,no,no,yes,yes,yes,4,3,2,3,0.0,9.0,,
580,581.0,MS,M,19,R,GT3,T,1,1,other,other,3,1,1,no,yes,no,no,yes,yes,no,4,4,3,3,4.0,10.0,4.0,8.0
581,582.0,MS,F,18,U,GT3,A,1,2,at_home,other,2,2,2,no,yes,no,no,yes,no,no,4,3,1,1,2.0,8.0,,
582,583.0,MS,F,19,U,LE3,A,1,1,at_home,other,1,1,0,no,yes,no,no,yes,no,no,1,4,1,1,0.0,7.0,,
583,584.0,MS,F,18,R,GT3,T,2,2,other,other,2,1,1,no,no,no,no,yes,yes,yes,5,5,1,1,0.0,0.0,,
584,585.0,MS,F,17,R,GT3,T,0,0,at_home,other,2,1,0,no,yes,no,no,yes,yes,no,4,4,1,1,0.0,11.0,,
585,586.0,MS,F,17,R,LE3,A,3,1,other,at_home,2,3,0,no,yes,yes,no,yes,no,no,4,2,2,2,5.0,8.0,,
586,587.0,MS,F,17,U,GT3,T,4,2,teacher,services,1,2,0,yes,yes,no,yes,yes,yes,no,5,5,1,3,0.0,0.0,,
587,588.0,MS,F,18,R,LE3,T,2,2,services,services,1,2,1,no,yes,no,yes,yes,yes,no,2,3,1,2,3.0,8.0,,
588,589.0,MS,F,17,U,GT3,T,4,1,health,at_home,1,1,0,no,yes,no,no,yes,no,yes,3,2,1,1,0.0,9.0,,
589,590.0,MS,F,17,U,LE3,T,1,2,at_home,other,1,1,0,no,no,no,no,yes,yes,no,5,5,1,1,0.0,10.0,,
590,591.0,MS,F,18,U,GT3,T,1,1,other,other,3,2,2,no,no,no,yes,yes,no,yes,3,4,2,2,3.0,7.0,,
591,592.0,MS,F,18,U,GT3,T,2,2,services,at_home,2,2,0,no,no,no,yes,no,yes,no,4,3,1,1,2.0,14.0,,
592,593.0,MS,F,17,U,GT3,T,3,3,services,services,2,1,0,no,yes,no,no,yes,yes,no,4,4,1,1,0.0,13.0,,
593,594.0,MS,F,18,U,LE3,A,1,2,at_home,other,2,2,0,no,no,no,no,yes,yes,no,4,4,1,2,0.0,14.0,,
594,595.0,MS,F,18,U,GT3,T,4,4,teacher,teacher,2,2,0,no,no,no,yes,no,yes,no,4,3,1,2,0.0,18.0,,
595,596.0,MS,M,18,U,LE3,T,4,4,services,other,1,1,0,no,yes,no,yes,yes,yes,no,5,4,1,1,3.0,17.0,,
596,597.0,MS,F,17,U,GT3,T,4,2,other,other,2,2,0,no,yes,no,no,yes,yes,no,4,3,1,2,0.0,18.0,,
597,598.0,MS,F,18,R,GT3,T,2,2,at_home,other,3,2,1,no,no,no,yes,yes,no,yes,4,3,1,1,0.0,0.0,,
598,599.0,MS,M,18,U,LE3,T,1,2,at_home,services,2,1,0,no,yes,no,no,no,no,no,4,1,5,5,8.0,11.0,,
599,600.0,MS,M,18,R,GT3,T,4,4,at_home,services,3,1,0,no,yes,yes,yes,yes,yes,yes,2,5,1,1,5.0,14.0,,
600,601.0,MS,M,17,R,GT3,T,1,1,other,services,3,1,0,no,no,no,no,no,no,no,4,2,3,4,4.0,14.0,,
601,602.0,MS,F,18,U,GT3,T,2,2,other,other,2,2,0,no,yes,no,no,no,yes,yes,1,3,1,1,4.0,10.0,,
602,603.0,MS,F,18,U,LE3,T,2,2,services,services,2,3,0,no,no,no,no,yes,yes,yes,5,4,1,4,0.0,13.0,,
603,604.0,MS,F,18,R,LE3,A,4,2,teacher,other,1,2,0,no,no,no,yes,yes,yes,yes,5,3,1,1,0.0,0.0,,
604,605.0,MS,F,18,U,GT3,T,1,1,at_home,services,3,2,1,no,no,no,no,yes,no,no,4,4,1,2,2.0,10.0,,
605,606.0,MS,F,19,U,GT3,T,1,1,at_home,services,2,1,1,no,no,no,no,yes,no,no,5,5,2,3,0.0,0.0,,
606,607.0,MS,F,17,U,GT3,T,4,2,teacher,other,2,4,0,no,no,no,no,yes,yes,yes,4,2,3,1,0.0,18.0,,
607,608.0,MS,F,17,R,LE3,A,2,1,services,other,2,2,0,no,no,no,yes,yes,yes,yes,5,3,1,2,5.0,12.0,,
608,609.0,MS,F,18,U,LE3,A,1,1,at_home,services,1,2,0,no,no,no,no,yes,no,yes,5,2,1,2,2.0,11.0,,
609,610.0,MS,F,18,U,GT3,T,1,2,at_home,at_home,2,2,0,no,yes,no,no,yes,no,no,4,1,1,1,0.0,12.0,,
610,611.0,MS,F,19,R,GT3,A,1,1,at_home,at_home,2,2,3,no,yes,no,yes,yes,no,yes,3,5,1,4,0.0,0.0,,
611,612.0,MS,F,18,R,GT3,T,2,2,services,other,2,3,0,no,no,no,no,yes,yes,yes,4,2,1,1,5.0,15.0,,
612,613.0,MS,M,17,R,GT3,T,4,3,services,other,2,2,1,no,yes,yes,yes,no,yes,yes,4,5,1,3,4.0,11.0,,
613,614.0,MS,F,18,U,GT3,T,3,3,services,services,1,2,0,no,yes,no,no,yes,no,yes,5,3,1,1,0.0,10.0,0.0,9.0
614,615.0,MS,F,17,R,GT3,T,4,4,teacher,services,2,2,0,no,yes,yes,yes,yes,yes,no,4,3,1,2,2.0,12.0,4.0,13.0
615,616.0,MS,F,17,U,LE3,A,3,2,services,other,2,2,0,no,no,no,no,yes,no,yes,1,2,1,2,0.0,15.0,2.0,11.0
616,617.0,MS,M,18,U,LE3,T,1,1,other,services,2,1,0,no,no,no,no,no,yes,yes,3,3,1,2,2.0,14.0,4.0,10.0
617,618.0,MS,F,18,U,LE3,T,1,1,at_home,services,2,3,0,no,no,no,no,yes,yes,no,5,3,1,1,0.0,18.0,0.0,16.0
618,619.0,MS,F,18,R,LE3,A,1,2,at_home,other,3,2,0,no,no,no,no,yes,no,yes,4,3,1,4,0.0,15.0,,
619,620.0,MS,F,18,U,GT3,T,3,3,services,services,2,2,0,no,yes,no,no,yes,yes,yes,4,3,1,3,6.0,13.0,0.0,10.0
620,621.0,MS,F,17,U,LE3,T,4,4,at_home,at_home,1,2,0,no,yes,no,yes,yes,yes,yes,2,3,1,1,4.0,15.0,,
621,622.0,MS,F,17,R,GT3,T,1,2,other,services,2,2,0,no,no,no,no,no,no,no,3,2,1,2,0.0,13.0,0.0,12.0
622,623.0,MS,M,18,R,GT3,T,1,3,at_home,other,2,2,0,no,yes,yes,no,yes,no,no,3,3,2,4,0.0,9.0,4.0,10.0
623,624.0,MS,M,18,U,LE3,T,4,4,teacher,services,2,3,0,no,no,no,no,yes,yes,yes,4,2,2,2,0.0,16.0,,
624,625.0,MS,F,17,R,GT3,T,1,1,other,services,3,1,1,no,yes,no,no,yes,yes,yes,5,2,1,2,0.0,9.0,,
625,626.0,MS,F,18,U,GT3,T,2,3,at_home,services,2,1,0,no,yes,no,no,yes,yes,yes,5,2,1,2,0.0,10.0,,
626,627.0,MS,F,18,R,GT3,T,4,4,other,teacher,3,2,0,no,yes,no,no,no,yes,yes,3,2,4,2,0.0,0.0,,
627,628.0,MS,M,18,R,LE3,T,1,2,at_home,services,3,1,0,no,yes,no,yes,yes,yes,yes,4,3,2,3,3.0,10.0,,
628,629.0,MS,F,17,U,GT3,T,2,2,other,at_home,1,3,0,no,no,no,yes,yes,no,yes,3,4,1,1,8.0,12.0,8.0,11.0
629,630.0,MS,F,17,R,GT3,T,1,2,other,other,1,1,0,no,no,no,yes,yes,yes,no,3,5,1,3,4.0,9.0,14.0,5.0
630,631.0,MS,F,18,R,LE3,T,4,4,other,other,2,3,0,no,no,no,no,yes,yes,no,5,4,1,1,0.0,17.0,0.0,19.0
631,632.0,MS,F,18,R,GT3,T,1,1,other,other,4,3,0,no,no,no,no,yes,yes,no,4,3,1,2,4.0,12.0,2.0,10.0
632,633.0,MS,F,19,R,GT3,T,1,1,at_home,other,2,2,1,no,yes,no,no,yes,yes,yes,4,3,1,1,4.0,9.0,,
633,634.0,MS,F,18,R,LE3,T,4,4,teacher,services,1,2,0,no,no,no,yes,yes,yes,no,5,4,3,4,1.0,14.0,,
634,635.0,MS,F,18,U,GT3,T,3,3,other,other,1,2,0,no,no,no,no,yes,yes,yes,4,1,1,2,1.0,16.0,,
635,636.0,MS,F,17,R,GT3,T,3,1,at_home,other,1,2,0,no,yes,no,yes,no,yes,no,4,5,2,3,10.0,9.0,,
636,637.0,MS,M,18,U,GT3,T,4,4,teacher,teacher,1,2,0,no,no,no,yes,no,yes,no,3,2,1,4,4.0,19.0,,
637,638.0,MS,M,18,R,GT3,T,2,1,other,other,2,1,0,no,no,no,yes,no,yes,yes,4,4,1,3,0.0,0.0,5.0,7.0
638,639.0,MS,M,17,U,GT3,T,2,3,other,services,2,2,0,no,no,no,yes,yes,yes,no,4,4,1,1,4.0,16.0,2.0,10.0
639,640.0,MS,M,19,R,GT3,T,1,1,other,services,2,1,1,no,no,no,no,yes,no,no,4,3,1,3,0.0,0.0,0.0,0.0
640,641.0,MS,M,18,R,GT3,T,4,2,other,other,2,1,1,no,no,yes,no,yes,no,no,5,4,4,3,0.0,0.0,14.0,5.0
641,642.0,MS,F,18,R,GT3,T,2,2,at_home,other,2,3,0,no,no,no,no,yes,no,no,5,3,1,3,0.0,15.0,,
642,643.0,MS,F,17,U,GT3,T,4,3,teacher,other,2,2,0,no,no,no,no,yes,yes,no,5,5,1,1,0.0,11.0,,
643,644.0,MS,F,18,R,GT3,T,4,4,teacher,at_home,3,1,0,no,yes,no,yes,yes,yes,yes,4,4,2,2,4.0,10.0,,
644,645.0,MS,F,19,R,GT3,T,2,3,services,other,1,3,1,no,no,no,yes,no,yes,no,5,4,1,2,4.0,10.0,0.0,0.0
645,646.0,MS,F,18,U,LE3,T,3,1,teacher,services,1,2,0,no,yes,no,no,yes,yes,no,4,3,1,1,4.0,16.0,,
646,647.0,MS,F,18,U,GT3,T,1,1,other,other,2,2,0,no,no,no,yes,yes,no,no,1,1,1,1,6.0,9.0,,
647,648.0,MS,M,17,U,LE3,T,3,1,services,services,2,1,0,no,no,no,no,no,yes,no,2,4,3,4,6.0,10.0,3.0,16.0
648,649.0,MS,M,18,R,LE3,T,3,2,services,other,3,1,0,no,no,no,no,no,yes,no,4,4,3,4,4.0,11.0,0.0,10.0
649,652.0,GP,F,15,U,LE3,T,1,1,at_home,other,1,2,3,yes,no,yes,no,yes,yes,no,4,3,2,3,,,10.0,10.0
650,653.0,GP,F,15,U,GT3,T,4,2,health,services,1,3,0,no,yes,yes,yes,yes,yes,yes,3,2,1,1,,,2.0,15.0
651,654.0,GP,F,16,U,GT3,T,3,3,other,other,1,2,0,no,yes,yes,no,yes,no,no,4,3,1,2,,,4.0,10.0
652,655.0,GP,M,16,U,LE3,T,4,3,services,other,1,2,0,no,yes,yes,yes,yes,yes,no,5,4,1,2,,,10.0,15.0
653,658.0,GP,M,15,U,LE3,A,3,2,services,other,1,2,0,no,yes,yes,no,yes,yes,no,4,2,1,1,,,0.0,19.0
654,659.0,GP,M,15,U,GT3,T,3,4,other,other,1,2,0,no,yes,yes,yes,yes,yes,no,5,5,1,1,,,0.0,15.0
655,660.0,GP,F,15,U,GT3,T,4,4,teacher,health,1,2,0,no,yes,yes,no,yes,yes,no,3,3,1,2,,,0.0,9.0
656,662.0,GP,M,15,U,LE3,T,4,4,health,services,1,1,0,no,yes,yes,yes,yes,yes,no,4,3,1,3,,,2.0,14.0
657,663.0,GP,M,15,U,GT3,T,4,3,teacher,other,2,2,0,no,yes,yes,no,yes,yes,no,5,4,1,2,,,2.0,11.0
658,666.0,GP,F,16,U,GT3,T,4,4,services,services,1,3,0,no,yes,yes,yes,yes,yes,no,3,2,1,2,,,6.0,14.0
659,668.0,GP,M,17,U,GT3,T,3,2,services,services,1,1,3,no,yes,no,yes,yes,yes,no,5,5,2,4,,,16.0,5.0
660,669.0,GP,M,16,U,LE3,T,4,3,health,other,1,1,0,no,no,yes,yes,yes,yes,no,3,1,1,3,,,4.0,10.0
661,674.0,GP,F,15,R,GT3,T,2,4,services,health,1,3,0,yes,yes,yes,yes,yes,yes,no,4,3,1,1,,,2.0,8.0
662,675.0,GP,F,16,U,GT3,T,2,2,services,services,1,1,2,no,yes,yes,no,no,yes,no,1,2,1,3,,,14.0,8.0
663,676.0,GP,M,15,U,GT3,T,2,2,other,other,1,1,0,no,yes,yes,no,yes,yes,no,4,2,1,2,,,2.0,11.0
664,677.0,GP,M,15,U,GT3,T,4,2,health,services,1,1,0,no,no,yes,no,yes,yes,no,2,2,2,4,,,4.0,15.0
665,678.0,GP,M,16,U,LE3,A,3,4,services,other,1,2,0,yes,yes,no,yes,yes,yes,no,5,3,1,1,,,4.0,11.0
666,684.0,GP,M,16,U,GT3,T,3,2,other,other,1,1,0,no,yes,yes,no,no,yes,no,5,4,1,1,,,0.0,15.0
667,688.0,GP,F,15,R,GT3,T,3,4,services,health,1,3,0,yes,yes,yes,yes,yes,yes,no,4,3,1,1,,,2.0,11.0
668,689.0,GP,F,15,R,GT3,T,2,2,at_home,other,1,1,0,yes,yes,yes,yes,yes,no,no,4,3,1,1,,,8.0,13.0
669,690.0,GP,F,16,U,LE3,T,2,2,other,other,2,2,1,no,yes,no,yes,no,yes,yes,3,3,1,2,,,25.0,11.0
670,698.0,GP,M,15,U,GT3,T,4,2,teacher,other,1,2,0,no,yes,yes,no,yes,no,no,4,3,2,2,,,2.0,14.0
671,699.0,GP,F,15,U,GT3,T,4,4,services,teacher,1,2,1,yes,yes,no,yes,no,yes,no,4,4,1,1,,,2.0,7.0
672,700.0,GP,F,16,U,LE3,T,2,2,services,services,3,2,0,no,yes,yes,no,yes,yes,no,4,3,2,3,,,2.0,13.0
673,701.0,GP,F,15,U,LE3,T,4,2,health,other,1,2,0,no,yes,yes,no,yes,yes,no,4,3,1,1,,,2.0,13.0
674,702.0,GP,M,15,U,LE3,A,4,2,health,health,2,1,1,no,no,no,no,yes,no,no,5,5,3,4,,,6.0,10.0
675,703.0,GP,F,15,U,GT3,T,4,4,services,services,1,1,0,yes,yes,yes,no,yes,yes,no,3,3,2,3,,,0.0,11.0
676,704.0,GP,F,15,U,LE3,A,3,3,other,other,1,1,0,no,no,yes,no,yes,yes,no,5,3,4,4,,,6.0,13.0
677,705.0,GP,F,16,U,GT3,A,2,1,other,other,1,2,0,no,no,yes,yes,yes,yes,yes,5,3,1,1,,,8.0,10.0
678,706.0,GP,F,15,U,GT3,A,4,3,services,services,1,2,0,no,yes,yes,yes,yes,yes,no,4,3,1,1,,,0.0,15.0
679,709.0,GP,F,16,U,GT3,T,4,2,services,other,1,2,0,no,yes,no,no,yes,yes,no,4,2,1,1,,,2.0,16.0
680,713.0,GP,F,16,U,GT3,T,4,3,teacher,health,1,3,0,yes,yes,yes,yes,yes,yes,no,3,4,2,4,,,2.0,9.0
681,717.0,GP,F,16,U,GT3,T,3,1,services,other,1,4,0,yes,yes,yes,no,yes,yes,no,4,3,1,2,,,4.0,6.0
682,718.0,GP,F,15,R,LE3,T,2,2,health,services,2,2,0,yes,yes,yes,no,yes,yes,no,4,1,1,3,,,2.0,8.0
683,720.0,GP,M,16,U,GT3,T,3,1,other,other,2,4,0,no,yes,yes,no,yes,yes,no,4,3,1,1,,,0.0,15.0
684,722.0,GP,F,15,R,GT3,T,1,1,other,other,1,2,2,yes,yes,no,no,no,yes,yes,3,3,2,4,,,2.0,5.0
685,724.0,GP,F,16,U,GT3,T,3,3,other,services,1,2,0,yes,yes,yes,yes,yes,yes,no,4,3,2,4,,,54.0,11.0
686,725.0,GP,M,15,U,GT3,T,4,3,teacher,other,1,2,0,no,yes,yes,yes,yes,yes,no,4,3,2,3,,,6.0,10.0
687,727.0,GP,F,16,U,GT3,T,2,2,other,other,1,4,0,no,no,yes,no,yes,yes,yes,5,2,1,3,,,0.0,11.0
688,730.0,GP,M,15,U,GT3,T,2,3,other,services,1,1,0,yes,yes,yes,yes,no,yes,yes,3,2,1,3,,,2.0,12.0
689,731.0,GP,M,15,U,GT3,T,2,3,other,other,1,3,0,yes,no,yes,no,no,yes,no,5,3,1,2,,,4.0,11.0
690,732.0,GP,F,15,U,LE3,T,3,2,services,other,1,2,0,no,yes,yes,no,yes,yes,no,4,4,1,1,,,10.0,6.0
691,735.0,GP,F,15,U,GT3,T,4,4,services,services,2,2,2,no,no,yes,no,yes,yes,yes,4,4,2,3,,,6.0,8.0
692,738.0,GP,M,16,U,GT3,T,2,2,services,other,2,2,1,no,no,yes,yes,no,yes,no,4,4,1,1,,,12.0,10.0
693,740.0,GP,F,16,U,GT3,T,3,3,other,other,1,3,0,no,yes,yes,no,yes,yes,yes,4,3,1,3,,,0.0,8.0
694,741.0,GP,F,15,U,GT3,T,4,3,services,other,1,1,0,no,no,yes,yes,yes,yes,no,4,5,1,3,,,4.0,18.0
695,743.0,GP,F,16,U,GT3,T,4,2,teacher,services,2,2,0,no,yes,yes,yes,yes,yes,no,5,3,1,1,,,0.0,10.0
696,745.0,GP,F,15,R,GT3,T,1,1,at_home,other,2,4,1,yes,yes,yes,yes,yes,yes,no,3,1,1,1,,,2.0,10.0
697,746.0,GP,M,16,R,GT3,T,4,3,services,other,2,1,0,yes,yes,no,yes,no,yes,no,3,3,1,1,,,2.0,15.0
698,747.0,GP,F,16,U,GT3,T,2,1,other,other,1,2,0,no,yes,yes,no,yes,no,yes,4,3,1,1,,,2.0,10.0
699,749.0,GP,F,16,U,GT3,T,4,3,other,at_home,1,3,0,yes,yes,yes,no,yes,yes,no,5,3,1,1,,,0.0,8.0
700,750.0,GP,M,16,U,GT3,T,4,4,services,services,1,1,0,yes,yes,yes,yes,yes,yes,no,4,5,5,5,,,14.0,5.0
701,752.0,GP,M,15,U,GT3,T,4,4,services,other,1,1,0,no,yes,no,yes,no,yes,no,5,3,1,1,,,4.0,14.0
702,753.0,GP,F,15,U,GT3,T,3,2,services,other,2,2,0,yes,yes,yes,no,yes,yes,no,4,3,1,1,,,26.0,6.0
703,754.0,GP,M,15,U,GT3,A,3,4,services,other,1,2,0,no,yes,yes,yes,yes,yes,no,5,4,1,1,,,0.0,18.0
704,756.0,GP,F,15,U,GT3,T,2,2,other,other,1,4,0,yes,yes,yes,no,yes,yes,no,5,1,1,1,,,8.0,8.0
705,758.0,GP,M,15,R,GT3,T,4,4,other,other,4,4,0,no,yes,yes,yes,yes,yes,yes,1,3,3,5,,,6.0,13.0
706,759.0,GP,F,16,U,LE3,T,4,4,health,health,1,3,0,no,yes,yes,yes,yes,yes,yes,5,4,1,1,,,4.0,16.0
707,761.0,GP,F,16,R,GT3,T,3,3,services,other,1,3,1,yes,yes,no,yes,yes,yes,no,4,1,1,1,,,0.0,10.0
708,771.0,GP,M,15,U,GT3,T,2,2,services,services,1,4,0,no,yes,yes,yes,yes,yes,no,5,5,1,2,,,6.0,15.0
709,772.0,GP,F,16,U,LE3,T,2,4,other,health,2,2,0,no,yes,yes,yes,yes,yes,yes,4,2,1,2,,,2.0,13.0
710,774.0,GP,F,16,U,GT3,T,2,2,other,other,1,2,0,no,no,yes,no,yes,yes,yes,5,4,1,1,,,0.0,8.0
711,777.0,GP,F,19,U,GT3,T,0,1,at_home,other,1,2,3,no,yes,no,no,no,no,no,3,4,1,1,,,2.0,9.0
712,778.0,GP,M,18,R,GT3,T,2,2,services,other,1,1,2,no,yes,no,yes,yes,yes,no,3,3,1,2,,,0.0,0.0
713,779.0,GP,M,16,R,GT3,T,4,4,teacher,teacher,1,1,0,no,no,yes,yes,yes,yes,no,3,5,2,5,,,8.0,18.0
714,780.0,GP,F,15,R,GT3,T,3,4,services,teacher,2,3,2,no,yes,no,no,yes,yes,yes,4,2,2,2,,,0.0,0.0
715,787.0,GP,F,16,U,GT3,A,3,3,other,other,2,1,2,no,yes,no,yes,no,yes,yes,4,3,1,1,,,0.0,0.0
716,788.0,GP,M,16,U,LE3,T,1,1,services,other,1,2,1,no,no,no,no,yes,no,yes,4,4,1,3,,,0.0,12.0
717,791.0,GP,M,16,U,LE3,T,2,2,services,services,2,1,2,no,yes,no,yes,yes,yes,no,2,3,2,2,,,8.0,9.0
718,792.0,GP,F,15,U,GT3,T,4,4,teacher,services,1,3,0,no,yes,yes,yes,yes,yes,no,4,2,1,1,,,2.0,11.0
719,794.0,GP,M,17,U,GT3,T,2,1,other,other,1,1,3,no,yes,no,no,yes,yes,no,5,4,1,2,,,0.0,0.0
720,795.0,GP,F,15,U,GT3,T,1,1,other,services,1,2,0,no,yes,yes,no,yes,yes,no,4,4,1,2,,,0.0,11.0
721,796.0,GP,F,15,U,GT3,T,3,2,health,services,1,2,3,no,yes,no,no,yes,yes,no,3,3,1,1,,,0.0,0.0
722,797.0,GP,F,15,U,GT3,T,1,2,at_home,other,1,2,0,no,yes,yes,no,no,yes,no,4,3,1,1,,,2.0,11.0
723,799.0,GP,M,15,U,LE3,A,2,1,services,other,4,1,3,no,no,no,no,yes,yes,no,4,5,2,5,,,0.0,10.0
724,800.0,GP,M,18,U,LE3,T,1,1,other,other,1,1,3,no,no,no,no,yes,yes,yes,2,3,2,5,,,0.0,0.0
725,802.0,GP,F,15,R,GT3,T,3,3,services,services,2,3,2,no,yes,yes,yes,yes,yes,yes,4,2,2,3,,,8.0,10.0
726,803.0,GP,M,19,U,GT3,T,3,2,services,at_home,1,1,3,no,yes,no,no,yes,yes,yes,4,5,1,1,,,0.0,0.0
727,806.0,GP,M,17,R,LE3,T,1,2,other,other,1,1,0,no,no,no,no,yes,no,no,2,2,3,3,,,8.0,13.0
728,809.0,GP,M,16,U,GT3,T,3,3,other,services,1,2,1,no,yes,yes,no,yes,yes,yes,4,5,4,4,,,4.0,12.0
729,810.0,GP,M,17,R,LE3,T,2,1,at_home,other,2,1,2,no,no,no,yes,yes,yes,yes,3,3,2,2,,,0.0,0.0
730,811.0,GP,M,15,R,GT3,T,3,2,other,other,2,2,2,yes,yes,no,no,yes,yes,yes,4,4,1,4,,,6.0,7.0
731,812.0,GP,M,16,U,LE3,T,1,2,other,other,2,1,1,no,no,no,yes,yes,no,no,4,4,2,4,,,0.0,0.0
732,813.0,GP,M,17,U,GT3,T,1,3,at_home,services,1,1,0,no,no,no,no,yes,yes,no,5,3,1,4,,,2.0,10.0
733,814.0,GP,M,17,R,LE3,T,1,1,other,services,4,2,3,no,no,no,yes,yes,no,yes,5,3,1,5,,,0.0,7.0
734,815.0,GP,M,16,U,GT3,T,3,2,services,services,2,1,1,no,yes,no,yes,no,no,no,4,5,1,1,,,16.0,12.0
735,817.0,GP,F,16,U,GT3,T,4,2,health,services,1,2,0,no,no,yes,no,yes,yes,yes,4,2,1,1,,,0.0,16.0
736,818.0,GP,F,16,U,GT3,T,2,2,other,other,1,2,0,no,yes,yes,no,no,yes,no,5,1,1,1,,,0.0,0.0
737,819.0,GP,F,16,U,GT3,T,4,4,health,health,1,2,0,no,yes,yes,no,yes,yes,yes,4,4,1,1,,,0.0,14.0
738,820.0,GP,M,16,U,GT3,T,3,4,other,other,3,1,2,no,yes,no,yes,no,yes,no,3,4,2,4,,,0.0,0.0
739,821.0,GP,M,16,U,GT3,T,1,0,other,other,2,2,0,no,yes,yes,yes,yes,yes,yes,4,3,1,1,,,2.0,16.0
740,822.0,GP,M,17,U,LE3,T,4,4,teacher,other,1,2,0,no,yes,yes,yes,yes,yes,no,4,4,1,3,,,0.0,10.0
741,823.0,GP,F,16,U,GT3,T,1,3,at_home,services,1,2,3,no,no,no,yes,no,yes,yes,4,3,1,1,,,0.0,0.0
742,824.0,GP,F,16,U,LE3,T,3,3,other,other,2,2,0,no,yes,yes,yes,yes,yes,no,4,4,1,1,,,4.0,9.0
743,825.0,GP,M,17,U,LE3,T,4,3,teacher,other,2,2,0,no,no,yes,yes,yes,yes,no,4,4,4,4,,,4.0,9.0
744,826.0,GP,F,16,U,GT3,T,2,2,services,other,2,2,0,no,no,yes,yes,no,yes,no,3,4,1,4,,,2.0,11.0
745,829.0,GP,M,17,U,GT3,T,4,3,other,other,1,2,0,no,yes,no,yes,yes,yes,yes,5,2,1,1,,,4.0,11.0
746,831.0,GP,M,16,U,GT3,T,3,3,services,other,1,2,0,no,no,yes,yes,yes,yes,yes,4,2,1,2,,,2.0,12.0
747,834.0,GP,F,16,U,GT3,T,3,2,other,other,1,2,0,no,yes,yes,no,yes,yes,no,1,2,1,2,,,14.0,12.0
748,836.0,GP,M,16,U,GT3,T,1,2,services,services,1,1,0,no,yes,yes,yes,yes,yes,yes,3,3,1,2,,,2.0,11.0
749,837.0,GP,M,16,U,LE3,T,2,1,other,other,1,2,0,no,no,yes,yes,yes,yes,yes,4,2,1,2,,,0.0,15.0
750,842.0,GP,M,17,U,GT3,T,1,2,at_home,services,2,2,0,no,no,yes,yes,no,yes,no,4,4,4,5,,,12.0,8.0
751,847.0,GP,M,16,R,LE3,T,3,3,teacher,other,3,1,0,no,yes,yes,yes,yes,yes,no,3,3,3,5,,,8.0,10.0
752,849.0,GP,F,16,U,LE3,T,4,4,teacher,teacher,1,2,0,no,yes,yes,no,yes,yes,no,4,5,1,2,,,0.0,10.0
753,851.0,GP,F,16,U,GT3,T,2,3,other,other,1,2,0,yes,yes,yes,yes,yes,no,no,4,4,1,3,,,6.0,10.0
754,852.0,GP,F,17,U,GT3,T,1,1,other,other,1,2,0,no,yes,yes,no,no,no,no,4,4,1,3,,,4.0,10.0
755,854.0,GP,F,16,R,GT3,T,2,2,services,services,2,4,0,no,yes,yes,yes,no,yes,no,5,3,1,1,,,6.0,11.0
756,856.0,GP,F,16,U,GT3,A,3,1,services,other,1,2,3,no,yes,yes,no,yes,yes,no,2,3,2,2,,,5.0,7.0
757,857.0,GP,F,16,U,GT3,T,4,3,teacher,other,1,2,0,no,no,yes,yes,yes,yes,yes,1,3,1,1,,,10.0,13.0
758,858.0,GP,F,16,U,GT3,T,1,1,at_home,other,2,1,0,no,yes,yes,no,yes,no,no,4,3,1,4,,,6.0,10.0
759,859.0,GP,F,17,R,GT3,T,4,3,teacher,other,2,3,0,no,yes,yes,yes,yes,yes,yes,4,4,1,1,,,6.0,7.0
760,860.0,GP,F,19,U,GT3,T,3,3,other,other,1,4,0,no,yes,yes,yes,yes,yes,no,4,3,1,2,,,10.0,8.0
761,861.0,GP,M,17,U,LE3,T,4,4,services,other,1,2,0,no,yes,yes,no,yes,yes,yes,5,3,4,5,,,13.0,13.0
762,862.0,GP,F,16,U,GT3,A,2,2,other,other,1,2,0,yes,yes,yes,no,yes,yes,no,3,3,1,1,,,0.0,14.0
763,863.0,GP,M,18,U,GT3,T,2,2,services,other,1,2,1,no,yes,yes,yes,yes,yes,no,4,4,2,4,,,15.0,8.0
764,864.0,GP,F,17,R,LE3,T,4,4,services,other,1,1,0,no,yes,yes,no,yes,no,no,5,2,1,2,,,12.0,10.0
765,865.0,GP,F,17,U,LE3,T,3,2,other,other,2,2,0,no,no,yes,no,yes,yes,no,4,4,1,3,,,2.0,15.0
766,866.0,GP,F,17,U,GT3,T,4,3,other,other,1,2,2,no,no,yes,no,yes,yes,yes,3,4,2,4,,,22.0,4.0
767,867.0,GP,M,18,U,LE3,T,3,3,services,health,1,2,1,no,yes,yes,no,yes,yes,no,3,2,2,4,,,13.0,8.0
768,868.0,GP,F,17,U,GT3,T,2,3,at_home,other,2,1,0,no,yes,yes,no,yes,no,no,3,3,1,4,,,3.0,8.0
769,869.0,GP,F,17,U,GT3,T,2,2,at_home,at_home,1,3,0,no,yes,yes,yes,yes,yes,no,4,3,1,1,,,4.0,10.0
770,871.0,GP,F,17,U,GT3,T,1,1,at_home,other,1,3,1,no,yes,no,yes,yes,no,yes,4,3,1,1,,,0.0,0.0
771,873.0,GP,M,18,U,GT3,T,2,2,other,other,2,2,0,no,yes,yes,no,yes,yes,no,3,3,5,5,,,0.0,13.0
772,875.0,GP,F,18,R,GT3,T,3,1,other,other,1,2,1,no,no,no,yes,yes,yes,yes,5,3,1,1,,,16.0,7.0
773,877.0,GP,M,17,U,LE3,T,2,3,services,services,1,2,0,no,yes,yes,no,no,yes,no,5,3,1,3,,,2.0,12.0
774,878.0,GP,M,18,U,LE3,T,2,1,at_home,other,4,2,0,yes,yes,yes,yes,yes,yes,yes,4,3,4,5,,,14.0,9.0
775,881.0,GP,M,17,R,GT3,T,2,2,other,other,2,2,0,no,yes,yes,yes,yes,yes,no,4,5,1,1,,,4.0,11.0
776,883.0,GP,M,16,U,GT3,T,4,4,health,other,1,2,0,no,yes,yes,yes,yes,yes,no,4,2,2,4,,,2.0,13.0
777,884.0,GP,M,16,U,LE3,T,1,1,other,other,2,2,0,no,yes,yes,no,yes,yes,no,3,4,1,1,,,18.0,6.0
778,886.0,GP,M,17,U,LE3,T,2,2,other,other,1,2,0,no,no,yes,yes,no,yes,yes,4,4,5,5,,,4.0,13.0
779,889.0,GP,M,18,U,GT3,T,2,2,other,services,1,2,1,no,no,no,no,yes,yes,no,5,5,3,5,,,0.0,0.0
780,891.0,GP,M,17,R,LE3,A,4,4,teacher,other,2,2,0,no,yes,yes,no,yes,yes,no,3,3,2,3,,,2.0,12.0
781,893.0,GP,M,16,U,GT3,T,4,4,services,services,1,1,0,no,no,no,yes,yes,yes,no,5,3,1,2,,,0.0,12.0
782,894.0,GP,F,18,U,GT3,T,2,1,other,other,2,3,0,no,yes,yes,no,no,yes,yes,4,4,1,1,,,0.0,0.0
783,898.0,GP,M,18,R,LE3,T,3,3,other,services,1,2,1,no,yes,no,no,yes,yes,yes,4,3,1,3,,,8.0,5.0
784,899.0,GP,M,16,U,GT3,T,0,2,other,other,1,1,0,no,no,yes,no,no,yes,no,4,3,2,4,,,0.0,15.0
785,900.0,GP,M,18,U,GT3,T,3,2,services,other,2,1,1,no,no,no,no,yes,yes,no,4,4,2,4,,,0.0,8.0
786,901.0,GP,M,16,U,GT3,T,3,3,at_home,other,3,2,0,yes,yes,no,no,no,yes,no,5,3,1,3,,,6.0,10.0
787,902.0,GP,M,18,U,GT3,T,2,1,services,services,1,1,1,no,no,no,no,no,yes,no,3,2,2,5,,,4.0,8.0
788,906.0,GP,F,17,U,LE3,T,4,2,teacher,services,1,4,0,no,yes,yes,yes,yes,yes,no,4,2,1,1,,,6.0,13.0
789,909.0,GP,F,17,U,LE3,T,2,2,services,services,1,4,0,no,no,yes,yes,yes,yes,yes,3,4,1,1,,,0.0,0.0
790,910.0,GP,F,18,U,GT3,T,4,3,services,other,1,2,0,no,yes,yes,no,yes,yes,yes,3,1,1,3,,,21.0,18.0
791,911.0,GP,M,18,U,GT3,T,4,3,teacher,other,1,2,0,no,yes,yes,no,no,yes,no,4,3,1,1,,,2.0,8.0
792,914.0,GP,F,18,U,GT3,T,2,2,at_home,services,1,3,0,no,yes,yes,yes,yes,yes,yes,4,3,1,1,,,0.0,0.0
793,915.0,GP,M,18,R,LE3,A,3,4,other,other,2,2,0,no,yes,yes,yes,yes,yes,no,4,2,3,4,,,13.0,17.0
794,916.0,GP,M,17,U,GT3,T,3,1,services,other,1,2,0,no,no,yes,yes,yes,yes,yes,5,4,3,4,,,2.0,10.0
795,917.0,GP,F,18,R,GT3,T,4,4,teacher,other,2,2,0,no,no,yes,yes,yes,yes,no,4,3,2,2,,,8.0,11.0
796,918.0,GP,M,18,U,GT3,T,4,2,health,other,1,2,0,no,yes,yes,yes,yes,yes,yes,5,4,1,3,,,10.0,10.0
797,920.0,GP,F,19,U,GT3,T,3,3,other,services,1,2,2,no,yes,yes,yes,yes,yes,no,4,3,3,3,,,15.0,9.0
798,921.0,GP,F,18,U,GT3,T,2,3,other,services,1,4,0,no,yes,yes,yes,yes,yes,yes,4,5,1,3,,,4.0,14.0
799,922.0,GP,F,18,U,LE3,T,1,1,other,other,2,2,0,no,yes,yes,no,no,no,no,4,4,1,1,,,2.0,11.0
800,923.0,GP,M,17,R,GT3,T,1,2,at_home,at_home,1,2,0,no,yes,yes,yes,no,no,yes,3,5,2,2,,,2.0,14.0
801,924.0,GP,F,17,U,GT3,T,2,4,at_home,health,2,2,0,no,yes,yes,no,yes,yes,yes,4,3,1,1,,,2.0,10.0
802,925.0,GP,F,17,U,LE3,T,2,2,services,other,2,2,0,yes,yes,yes,no,yes,yes,yes,4,4,2,3,,,6.0,12.0
803,927.0,GP,M,18,U,GT3,T,4,4,teacher,services,2,1,0,no,no,yes,yes,yes,yes,no,3,2,1,4,,,22.0,9.0
804,929.0,GP,M,18,U,LE3,T,4,3,teacher,services,2,1,0,no,no,yes,yes,yes,yes,no,4,2,1,2,,,8.0,10.0
805,930.0,GP,M,17,U,LE3,A,4,1,services,other,2,1,0,no,no,yes,yes,yes,yes,yes,4,5,2,4,,,30.0,8.0
806,931.0,GP,M,17,U,LE3,A,3,2,teacher,services,1,1,1,no,no,no,no,yes,yes,no,4,4,3,4,,,19.0,10.0
807,932.0,GP,F,18,R,LE3,T,1,1,at_home,other,2,4,0,no,yes,yes,yes,yes,no,no,5,2,1,1,,,1.0,12.0
808,935.0,GP,M,17,U,GT3,T,1,1,other,other,1,2,0,no,no,yes,no,no,yes,no,4,3,1,2,,,2.0,11.0
809,936.0,GP,F,18,U,GT3,T,2,2,at_home,at_home,1,3,0,no,yes,yes,no,yes,yes,no,4,3,1,2,,,5.0,19.0
810,937.0,GP,F,17,U,GT3,T,1,1,services,teacher,1,3,0,no,yes,yes,no,yes,yes,no,4,3,1,1,,,6.0,12.0
811,938.0,GP,M,18,U,GT3,T,2,1,services,services,1,3,0,no,no,yes,yes,yes,yes,no,4,2,1,3,,,6.0,14.0
812,939.0,GP,M,18,U,LE3,A,4,4,teacher,teacher,1,2,0,no,yes,yes,yes,yes,yes,no,5,4,1,1,,,9.0,15.0
813,940.0,GP,M,18,U,GT3,T,4,2,teacher,other,1,2,0,no,yes,yes,yes,yes,yes,yes,4,3,1,4,,,11.0,11.0
814,941.0,GP,F,17,U,GT3,T,4,3,health,services,1,3,0,no,yes,yes,no,yes,yes,no,4,2,1,2,,,0.0,15.0
815,942.0,GP,F,18,U,LE3,T,2,1,services,at_home,1,2,1,no,no,no,no,yes,yes,yes,5,4,1,1,,,12.0,13.0
816,943.0,GP,F,17,R,LE3,T,3,1,services,other,2,4,0,no,yes,yes,no,yes,no,no,3,1,1,1,,,6.0,18.0
817,944.0,GP,M,18,R,LE3,T,3,2,services,other,2,3,0,no,yes,yes,yes,yes,yes,no,5,4,1,1,,,8.0,14.0
818,945.0,GP,M,17,U,GT3,T,3,3,health,other,1,1,0,no,yes,yes,no,yes,yes,no,4,4,1,3,,,4.0,11.0
819,946.0,GP,F,19,U,GT3,T,4,4,health,other,2,2,0,no,yes,yes,yes,yes,yes,no,2,3,2,3,,,0.0,0.0
820,947.0,GP,F,18,U,LE3,T,4,3,other,other,2,2,0,no,yes,yes,no,yes,yes,yes,4,4,1,2,,,10.0,8.0
821,948.0,GP,F,18,U,GT3,T,4,3,other,other,1,4,0,no,yes,yes,no,yes,yes,no,4,3,1,1,,,0.0,14.0
822,949.0,GP,M,18,U,LE3,T,4,4,teacher,teacher,1,1,0,no,yes,yes,no,yes,yes,yes,1,4,2,2,,,5.0,16.0
823,950.0,GP,F,18,U,LE3,A,4,4,health,other,1,2,0,no,yes,no,no,yes,yes,yes,4,2,1,1,,,14.0,11.0
824,951.0,GP,M,17,U,LE3,T,4,4,other,teacher,2,1,0,no,no,yes,no,yes,yes,no,4,1,2,2,,,0.0,10.0
825,952.0,GP,F,17,U,GT3,T,4,2,other,other,2,3,0,no,yes,yes,no,yes,yes,no,4,3,1,1,,,0.0,14.0
826,953.0,GP,F,17,U,GT3,T,3,2,health,health,1,4,0,no,yes,yes,yes,no,yes,no,5,2,1,2,,,0.0,18.0
827,954.0,GP,M,19,U,GT3,T,3,3,other,other,1,2,1,no,yes,no,yes,yes,yes,yes,4,4,1,1,,,20.0,13.0
828,955.0,GP,F,18,U,GT3,T,2,4,services,at_home,1,2,1,no,yes,yes,yes,yes,yes,no,4,4,1,1,,,8.0,12.0
829,956.0,GP,M,20,U,GT3,A,3,2,services,other,1,1,0,no,no,no,yes,yes,no,no,5,5,1,1,,,0.0,18.0
830,957.0,GP,M,19,U,GT3,T,4,4,teacher,services,2,1,1,no,yes,yes,no,yes,yes,yes,4,3,1,1,,,38.0,8.0
831,958.0,GP,M,19,R,GT3,T,3,3,other,services,1,2,1,no,no,no,yes,yes,no,yes,4,5,1,2,,,0.0,12.0
832,959.0,GP,F,19,U,LE3,T,1,1,at_home,other,1,2,1,yes,yes,no,yes,no,yes,no,4,4,1,3,,,18.0,10.0
833,960.0,GP,F,19,U,LE3,T,1,2,services,services,1,2,1,no,no,no,yes,no,no,yes,4,2,2,2,,,0.0,0.0
834,961.0,GP,F,19,U,GT3,T,2,1,at_home,other,3,2,0,no,yes,no,no,yes,yes,yes,3,4,1,1,,,20.0,13.0
835,962.0,GP,M,19,U,GT3,T,1,2,other,services,1,2,1,no,no,no,no,no,yes,no,4,5,2,2,,,3.0,11.0
836,963.0,GP,F,19,U,LE3,T,3,2,services,other,2,2,1,no,yes,yes,no,no,yes,yes,4,2,1,2,,,22.0,11.0
837,964.0,GP,F,19,U,GT3,T,1,1,at_home,health,1,3,2,no,no,no,no,no,yes,yes,4,1,1,1,,,14.0,13.0
838,965.0,GP,F,19,R,GT3,T,2,3,other,other,1,3,1,no,no,no,no,yes,yes,yes,4,1,1,1,,,40.0,11.0
839,966.0,GP,F,18,U,GT3,T,2,1,services,other,2,2,0,no,yes,yes,yes,yes,yes,no,5,3,1,2,,,0.0,0.0
840,967.0,GP,F,18,U,GT3,T,4,3,other,other,1,3,0,no,yes,yes,yes,yes,yes,yes,4,3,1,1,,,9.0,9.0
841,968.0,GP,F,17,R,GT3,T,3,4,at_home,services,1,3,0,no,yes,yes,yes,no,yes,no,4,3,2,5,,,0.0,10.0
842,969.0,GP,F,18,U,GT3,T,4,4,teacher,other,1,2,0,no,yes,yes,no,yes,yes,no,4,4,3,3,,,2.0,11.0
843,970.0,GP,F,17,U,GT3,A,4,3,services,services,1,2,0,no,yes,yes,no,yes,yes,yes,5,2,1,2,,,23.0,13.0
844,972.0,GP,F,17,R,LE3,T,2,2,services,services,1,3,0,no,yes,yes,yes,yes,yes,no,3,3,2,2,,,3.0,11.0
845,978.0,GP,F,17,U,GT3,T,4,4,teacher,services,1,3,0,no,yes,yes,yes,yes,yes,no,5,4,1,3,,,7.0,9.0
846,979.0,GP,F,17,U,GT3,T,4,4,teacher,teacher,2,3,0,no,yes,yes,no,no,yes,yes,4,3,1,2,,,4.0,14.0
847,980.0,GP,M,18,U,LE3,T,2,2,other,other,1,4,0,no,yes,no,yes,yes,yes,no,4,5,2,4,,,2.0,8.0
848,986.0,GP,F,19,R,GT3,A,3,1,services,at_home,1,3,1,no,no,yes,no,yes,no,no,5,4,1,2,,,12.0,13.0
849,987.0,GP,F,17,U,GT3,T,3,2,other,other,1,2,0,no,yes,yes,no,yes,yes,yes,4,3,2,3,,,0.0,0.0
850,989.0,GP,F,17,R,GT3,A,3,2,other,other,1,2,0,no,yes,yes,no,yes,yes,no,4,3,2,3,,,4.0,10.0
851,990.0,GP,F,19,U,GT3,T,2,1,services,services,1,3,1,no,no,yes,yes,yes,yes,yes,4,3,1,3,,,4.0,11.0
852,991.0,GP,M,18,U,GT3,T,4,4,teacher,services,1,2,1,no,yes,no,yes,yes,yes,no,4,3,2,2,,,0.0,0.0
853,993.0,GP,F,17,U,GT3,A,2,2,at_home,at_home,1,2,1,no,yes,no,no,yes,yes,yes,3,3,1,2,,,0.0,0.0
854,997.0,GP,M,18,U,GT3,T,4,3,teacher,other,1,3,0,no,yes,yes,no,yes,yes,yes,5,4,2,3,,,0.0,9.0
855,998.0,GP,F,17,U,GT3,T,4,3,health,other,1,3,0,no,yes,yes,yes,yes,yes,yes,4,4,1,3,,,0.0,15.0
856,999.0,MS,M,18,R,GT3,T,3,2,other,other,2,1,1,no,yes,no,no,no,yes,no,2,5,5,5,,,10.0,13.0
857,1000.0,MS,M,19,R,GT3,T,1,1,other,services,3,2,3,no,no,no,no,yes,yes,no,5,4,3,3,,,8.0,8.0
858,1001.0,MS,M,17,U,GT3,T,3,3,health,other,2,2,0,no,yes,yes,no,yes,yes,no,4,5,2,3,,,2.0,13.0
859,1002.0,MS,M,18,U,LE3,T,1,3,at_home,services,1,1,1,no,no,no,no,yes,yes,yes,4,3,2,3,,,7.0,8.0
860,1004.0,MS,M,17,R,GT3,T,4,3,services,other,2,2,0,no,yes,yes,yes,no,yes,yes,4,5,1,3,,,4.0,11.0
861,1010.0,MS,F,18,R,LE3,A,1,4,at_home,other,3,2,0,no,no,no,no,yes,no,yes,4,3,1,4,,,0.0,13.0
862,1011.0,MS,M,18,R,LE3,T,1,1,at_home,other,2,2,1,no,no,no,yes,no,no,no,4,4,2,3,,,2.0,12.0
863,1013.0,MS,F,17,U,LE3,T,4,4,at_home,at_home,1,2,0,no,yes,yes,yes,yes,yes,yes,2,3,1,1,,,0.0,15.0
864,1016.0,MS,M,18,U,LE3,T,4,4,teacher,services,2,3,0,no,no,yes,no,yes,yes,yes,4,2,2,2,,,0.0,13.0
865,1017.0,MS,F,17,R,GT3,T,1,1,other,services,3,1,1,no,yes,yes,no,yes,yes,yes,5,2,1,2,,,0.0,0.0
866,1018.0,MS,F,18,U,GT3,T,2,3,at_home,services,2,1,0,no,yes,yes,no,yes,yes,yes,5,2,1,2,,,0.0,10.0
867,1019.0,MS,F,18,R,GT3,T,4,4,other,teacher,3,2,0,no,yes,yes,no,no,yes,yes,3,2,4,2,,,10.0,11.0
868,1020.0,MS,F,19,U,LE3,T,3,2,services,services,2,2,2,no,no,no,yes,yes,no,yes,3,2,1,1,,,4.0,9.0
869,1021.0,MS,M,18,R,LE3,T,1,2,at_home,services,3,1,0,no,yes,yes,yes,yes,yes,yes,4,3,2,3,,,3.0,12.0
870,1026.0,MS,F,20,U,GT3,T,4,2,health,other,2,3,2,no,yes,yes,no,no,yes,yes,5,4,1,1,,,4.0,15.0
871,1027.0,MS,F,18,R,LE3,T,4,4,teacher,services,1,2,0,no,no,yes,yes,yes,yes,no,5,4,3,4,,,4.0,10.0
872,1028.0,MS,F,18,U,GT3,T,3,3,other,other,1,2,0,no,no,yes,no,yes,yes,yes,4,1,1,2,,,0.0,15.0
873,1029.0,MS,F,17,R,GT3,T,3,1,at_home,other,1,2,0,no,yes,yes,yes,no,yes,no,4,5,2,3,,,17.0,10.0
874,1030.0,MS,M,18,U,GT3,T,4,4,teacher,teacher,1,2,0,no,no,yes,yes,no,yes,no,3,2,1,4,,,4.0,14.0
875,1035.0,MS,F,18,R,GT3,T,2,2,at_home,other,2,3,0,no,no,yes,no,yes,no,no,5,3,1,3,,,2.0,10.0
876,1036.0,MS,F,18,R,GT3,T,4,4,teacher,at_home,3,1,0,no,yes,yes,yes,yes,yes,yes,4,4,2,2,,,7.0,6.0
877,1038.0,MS,F,18,U,LE3,T,3,1,teacher,services,1,2,0,no,yes,yes,no,yes,yes,no,4,3,1,1,,,0.0,8.0
878,1039.0,MS,F,18,U,GT3,T,1,1,other,other,2,2,1,no,no,no,yes,yes,no,no,1,1,1,1,,,0.0,0.0
879,1040.0,MS,M,20,U,LE3,A,2,2,services,services,1,2,2,no,yes,yes,no,yes,no,no,5,5,4,5,,,11.0,9.0
880,1042.0,MS,M,21,R,GT3,T,1,1,other,other,1,1,3,no,no,no,no,no,no,no,5,5,3,3,,,3.0,7.0
881,1044.0,MS,M,19,U,LE3,T,1,1,other,at_home,1,1,0,no,no,no,no,yes,yes,no,3,2,3,3,,,5.0,9.0
